Workbook
Name ASME_VIII_division: List!$AP$3:$AP$4
Name Ball_valve: List!$N$2:$N$3
Name BDV: List!$AG$2:$AG$4
Name Bolting_Dia: List!$BG$2:$BG$3
Name Bore: List!$N$2:$N$3
Name Bundle_Type: List!$BC$2:$BC$3
Name Butterfly_valve: List!$N$6
Name Category: List!$BJ$2:$BJ$16
Name Check_valve: List!$N$5
Name Columns: 'Valve Data'!$G$1:$AD$1
Name COST_CAT: 'Cost Type'!$A$2:$A$209
Name CV: List!$AC$2:$AC$4
Name DBB: List!$N$2:$N$3
Name DN: List!$E$2:$E$34
Name DN_0.5: 'Valve Index'!$G$2:$G$101
Name DN_0.75: 'Valve Index'!$H$2:$H$101
Name DN_1: 'Valve Index'!$I$2:$I$101
Name DN_1.5: 'Valve Index'!$J$2:$J$101
Name DN_10: 'Valve Index'!$R$2:$R$101
Name DN_12: 'Valve Index'!$S$2:$S$101
Name DN_14: 'Valve Index'!$T$2:$T$101
Name DN_16: 'Valve Index'!$U$2:$U$101
Name DN_18: 'Valve Index'!$V$2:$V$101
Name DN_2: 'Valve Index'!$K$2:$K$101
Name DN_2.5: 'Valve Index'!$L$2:$L$101
Name DN_20: 'Valve Index'!$W$2:$W$101
Name DN_22: 'Valve Index'!$X$2:$X$101
Name DN_24: 'Valve Index'!$Y$2:$Y$101
Name DN_26: 'Valve Index'!$Z$2:$Z$101
Name DN_28: 'Valve Index'!$AA$2:$AA$101
Name DN_3: 'Valve Index'!$M$2:$M$101
Name DN_30: 'Valve Index'!$AB$2:$AB$101
Name DN_32: 'Valve Index'!$AC$2:$AC$101
Name DN_34: 'Valve Index'!$AD$2:$AD$101
Name DN_36: 'Valve Index'!$AE$2:$AE$101
Name DN_38: 'Valve Index'!$AF$2:$AF$101
Name DN_4: 'Valve Index'!$N$2:$N$101
Name DN_40: 'Valve Index'!$AG$2:$AG$101
Name DN_42: 'Valve Index'!$AH$2:$AH$101
Name DN_5: 'Valve Index'!$O$2:$O$101
Name DN_6: 'Valve Index'!$P$2:$P$101
Name DN_8: 'Valve Index'!$Q$2:$Q$101
Name Equipment_insulation: List!$BM$2:$BM$9
Name ESDV: List!$AI$2:$AI$4
Name FE: List!$Q$2:$Q$5
Name FI: List!$R$2:$R$3
Name Fitting: List!$J$2:$J$8
Name Flange: List!$I$2:$I$3
Name Flange_Face: List!$BI$2:$BI$3
Name Flange_Type: List!$AT$3:$AT$8
Name FT: List!$P$2:$P$12
Name FV: List!$AF$2:$AF$4
Name Gate_valve: List!$N$5
Name Globe_valve: List!$N$5
Name Instrument_type: List!$P$1:$AJ$1
Name Joint_Type: List!$G$2:$G$3
Name LI: List!$T$2:$T$5
Name LT: List!$S$2:$S$12
Name LV: List!$AD$2:$AD$4
Name Material_Code: List!$AO$3:$AO$20

Sheet MCE info
B1: MASTER COST ESTIMATOR v.1.1
A7: Features to be added on the next version
A8: Name of the applicant | B8: feature application description
B9: 1
B10: 2
B11: 3
B12: 4
B13: 5
B14: 6
B15: 7
B16: 8
B17: 9
B18: 10
B19: 11
B20: 12
... B28: 20

Sheet General info
J2: MASTER COST ESTIMATOR
J4: COVER PAGE
A6: 1
A7: 2
A8: 3
A9: 4
A10: 5
A11: 6
A12: 7
A13: 8
A14: 9
A15: 10
A16: 11
A17: 12
... A21: 16
A22: 17 | F22: CLIENT | P22: ANDRITZ
A23: 18
A24: 19 | F24: PROJECT | P24: HYROS
A25: 20
A26: 21 | F26: PROJECT PF No | P26: 10000 NM3/H H2 PDU UNIT
A27: 22
A28: 23 | F28: LOCATION | P28: GERMANY
A29: 24
A30: 25 | F30: DOC. DESCRIPTION | P30: MASTER COST ESTIMATOR
A31: 26
A32: 27 | F32: DOC. PF No
A33: 28
A34: 29
A35: 30
A36: 33
A37: 34
A38: 41
A39: 42
A40: 43
A41: 44
A42: 45
A43: 46
A44: 47
... A55: 58
A56: 59 | B56: 0 | D56: 45606 | H56: Cost revision | U56: AG | Z56: AG | AE56: FR
A57: 60
A58: 61 | B58: REV. | D58: DATE | H58: DESCRIPTION | U58: PREPARED | Z58: CHECKED | AE58: APPROVED

Sheet Notes
A1: 1 | B1: Possibilità di parzializzare il peso a seconda dello skid o se loose
A2: 2 | B2: Verniciatura e Insulation
B3: indicazioni sulla claddatura degli equipment
A5: 3 | B5: 1.1.5.2 | C5: Stainless Steel | F5: ELIMINARE NON SI FANNIO SUPPORTI DIVERSI DA CS
B6: 1.1.5.3 | C6: Duplex Stainless Steel
B7: 1.1.5.4 | C7: Incoloy 825/625
B8: 1.2.5.2 | C8: Stainless Steel
B9: 1.2.5.3 | C9: Duplex Stainless Steel
B10: 1.2.5.4 | C10: Incoloy 825/625
A12: 4 | B12: AGGIUNGERE TE A STRUMENTAZIONE
A13: 5 | B13: AGGIUNGERE VALVOLE CONE ATTUATORI A INSTRUMENT
A14: 6 | B14: evidenziare errore se inserite quantità ma non costo unitario e totale o viceversa
A15: 7 | B15: PSV DOVE LE METTIAMO?
A16: 8 | B16: Montaggio equipment logica su loose o meno
A17: 9 | B17: materiale vessel da piping
A18: 10 | B18: schedule e pesi acciaio inox
A19: 11 | B19: Conteggio n° flange automatico in una finestra come riferimento? Da n° valvole e da n° strumenti
A20: 12 | B20: conteggio bulloneria e guarnizioni (utile per rating alti dal >600#)
A21: 13 | B21: Elenco guarnizioni, bulloni per commissioning (indicare percentuale e pezzi min) solo per equipment MH, HH
A22: 14 | B22: Peso LWN
A23: 15 | B23: Sommario dei segnali strumenti
... A35: 27 | B35: Packing List Completare

Sheet Piping Class
A1: Piping Class
A2: DN | B2: 0.5 | C2: 0.75 | D2: 1 | E2: 1.5 | F2: 2 | G2: 3 | H2: 4 | I2: 6 | J2: 8 | K2: 10 | L2: 12 | M2: 14 | N2: 16 | O2: 18 | P2: 20 | Q2: 24 | R2: 28 | S2: 30 | T2: 32 | U2: 34 | V2: 36 | W2: 38 | X2: 40 | Y2: 42 | Z2: 44
A3: Thickness SCH
A4: CS-150# | B4: 80 | C4: 80 | D4: 80 | E4: 80 | F4: 80 | G4: 40 | H4: 40 | I4: 40 | J4: 20 | K4: 20 | L4: 20 | M4: 20 | N4: 20 | O4: 20 | P4: 20 | Q4: 20 | R4: 10 | S4: 10
A5: SS-300# | B5: 80S | C5: 80S | D5: 80S | E5: 80S | F5: 40S | G5: 40S | H5: 40S | I5: 40 | J5: 40 | K5: 40 | L5: STD | M5: 30 | N5: 40 | O5: XS | P5: 30 | Q5: 40 | R5: 30
A17: Pipe Material
A18: =A4&".piping" -> CS-150#.piping | B18: ASTM 106 Gr.B | C18: ASTM 106 Gr.B | D18: ASTM 106 Gr.B | E18: ASTM 106 Gr.B | F18: ASTM 106 Gr.B | G18: ASTM 106 Gr.B | H18: ASTM 106 Gr.B | I18: ASTM 106 Gr.B | J18: ASTM 106 Gr.B | K18: ASTM 106 Gr.B | L18: ASTM 106 Gr.B | M18: ASTM 106 Gr.B | N18: ASTM 106 Gr.B | O18: ASTM 106 Gr.B | P18: ASTM 106 Gr.B | Q18: ASTM 106 Gr.B | R18: ASTM A672 Gr C60 Cl.12 | S18: ASTM A672 Gr C60 Cl.12
A19: =A5&".piping" -> SS-300#.piping | B19: ASTM A312- TP316/316L | C19: ASTM A312- TP316/316L | D19: ASTM A312- TP316/316L | E19: ASTM A312- TP316/316L | F19: ASTM A312- TP316/316L | G19: ASTM A312- TP316/316L | H19: ASTM A312- TP316/316L | I19: ASTM A312- TP316/316L | J19: ASTM A312- TP316/316L | K19: ASTM A312- TP316/316L | L19: ASTM A312- TP316/316L | M19: ASTM A312- TP316/316L | N19: ASTM A312- TP316/316L | O19: ASTM A312- TP316/316L | P19: ASTM A312- TP316/316L | Q19: ASTM A312- TP316/316L | R19: ASTM A672 Gr C60 Cl.12 | S19: ASTM A672 Gr C60 Cl.12
A20: =A6&".piping" -> .piping
A21: =A7&".piping" -> .piping
A22: =A8&".piping" -> .piping
A23: =A9&".piping" -> .piping
A24: =A10&".piping" -> .piping
A25: =A11&".piping" -> .piping
A26: =A12&".piping" -> .piping
A27: =A13&".piping" -> .piping
A28: =A14&".piping" -> .piping
A29: =A15&".piping" -> .piping
A30: =A16&".piping" -> .piping
A31: Fitting Material
A32: =A4&".fitting" -> CS-150#.fitting | B32: ASTM 106 Gr.B | C32: ASTM 106 Gr.B | D32: ASTM 106 Gr.B | E32: ASTM 106 Gr.B | F32: ASTM 106 Gr.B | G32: ASTM 106 Gr.B | H32: ASTM 106 Gr.B | I32: ASTM 106 Gr.B | J32: ASTM 106 Gr.B | K32: ASTM 106 Gr.B | L32: ASTM 106 Gr.B | M32: ASTM 106 Gr.B | N32: ASTM 106 Gr.B | O32: ASTM 106 Gr.B | P32: ASTM 106 Gr.B | Q32: ASTM 106 Gr.B | R32: ASTM A672 Gr C60 Cl.12 | S32: ASTM A672 Gr C60 Cl.12
A33: =A5&".fitting" -> SS-300#.fitting | B33: ASTM A312- TP316/316L | C33: ASTM A312- TP316/316L | D33: ASTM A312- TP316/316L | E33: ASTM A312- TP316/316L | F33: ASTM A312- TP316/316L | G33: ASTM A312- TP316/316L | H33: ASTM A312- TP316/316L | I33: ASTM A312- TP316/316L | J33: ASTM A312- TP316/316L | K33: ASTM A312- TP316/316L | L33: ASTM A312- TP316/316L | M33: ASTM A312- TP316/316L | N33: ASTM A312- TP316/316L | O33: ASTM A312- TP316/316L | P33: ASTM A312- TP316/316L | Q33: ASTM A312- TP316/316L | R33: ASTM A672 Gr C60 Cl.12 | S33: ASTM A672 Gr C60 Cl.12
A34: =A6&".fitting" -> .fitting
A35: =A7&".fitting" -> .fitting
A36: =A8&".fitting" -> .fitting
A37: =A9&".fitting" -> .fitting
A38: =A10&".fitting" -> .fitting
A39: =A11&".fitting" -> .fitting
A40: =A12&".fitting" -> .fitting
A41: =A13&".fitting" -> .fitting
A42: =A14&".fitting" -> .fitting
A43: =A15&".fitting" -> .fitting
A44: =A16&".fitting" -> .fitting
A45: Flange Material
A46: =A4&".flange" -> CS-150#.flange | B46: ASTM 106 Gr.B | C46: ASTM 106 Gr.B | D46: ASTM 106 Gr.B | E46: ASTM 106 Gr.B | F46: ASTM 106 Gr.B | G46: ASTM 106 Gr.B | H46: ASTM 106 Gr.B | I46: ASTM 106 Gr.B | J46: ASTM 106 Gr.B | K46: ASTM 106 Gr.B | L46: ASTM 106 Gr.B | M46: ASTM 106 Gr.B | N46: ASTM 106 Gr.B | O46: ASTM 106 Gr.B | P46: ASTM 106 Gr.B | Q46: ASTM 106 Gr.B | R46: ASTM A672 Gr C60 Cl.12 | S46: ASTM A672 Gr C60 Cl.12
A47: =A5&".flange" -> SS-300#.flange | B47: ASTM A312- TP316/316L | C47: ASTM A312- TP316/316L | D47: ASTM A312- TP316/316L | E47: ASTM A312- TP316/316L | F47: ASTM A312- TP316/316L | G47: ASTM A312- TP316/316L | H47: ASTM A312- TP316/316L | I47: ASTM A312- TP316/316L | J47: ASTM A312- TP316/316L | K47: ASTM A312- TP316/316L | L47: ASTM A312- TP316/316L | M47: ASTM A312- TP316/316L | N47: ASTM A312- TP316/316L | O47: ASTM A312- TP316/316L | P47: ASTM A312- TP316/316L | Q47: ASTM A312- TP316/316L | R47: ASTM A672 Gr C60 Cl.12 | S47: ASTM A672 Gr C60 Cl.12
A48: =A6&".flange" -> .flange
A49: =A7&".flange" -> .flange
A50: =A8&".flange" -> .flange
A51: =A9&".flange" -> .flange
A52: =A10&".flange" -> .flange
A53: =A11&".flange" -> .flange
A54: =A12&".flange" -> .flange
A55: =A13&".flange" -> .flange
A56: =A14&".flange" -> .flange
A57: =A15&".flange" -> .flange
A58: =A16&".flange" -> .flange
A59: Stud Bolts & Nuts Material
A60: =A4&".bolting" -> CS-150#.bolting | B60: ASTM A193 Gr.B7 / A194 Gr.2H-HDG | C60: ASTM A320 Gr.7 / A194 Gr.4 S3 - HDG | D60: ASTM A320 Gr.7 / A194 Gr.4 S3 - HDG | E60: ASTM A320 Gr.7 / A194 Gr.4 S3 - HDG | F60: ASTM A320 Gr.7 / A194 Gr.4 S3 - HDG | G60: ASTM A320 Gr.7 / A194 Gr.4 S3 - HDG | H60: ASTM A320 Gr.7 / A194 Gr.4 S3 - HDG | I60: ASTM A320 Gr.7 / A194 Gr.4 S3 - HDG | J60: ASTM A320 Gr.7 / A194 Gr.4 S3 - HDG | K60: ASTM A320 Gr.7 / A194 Gr.4 S3 - HDG | L60: ASTM A320 Gr.7 / A194 Gr.4 S3 - HDG | M60: ASTM A320 Gr.7 / A194 Gr.4 S3 - HDG | N60: ASTM A320 Gr.7 / A194 Gr.4 S3 - HDG | O60: ASTM A320 Gr.7 / A194 Gr.4 S3 - HDG | P60: ASTM A320 Gr.7 / A194 Gr.4 S3 - HDG | Q60: ASTM A320 Gr.7 / A194 Gr.4 S3 - HDG | R60: ASTM A320 Gr.7 / A194 Gr.4 S3 - HDG | S60: ASTM A320 Gr.7 / A194 Gr.4 S3 - HDG
A61: =A5&".bolting" -> SS-300#.bolting | B61: ASTM A193 Gr.B7M / A194 Gr.2HM | C61: ASTM A193 Gr.B7M / A194 Gr.2HM | D61: ASTM A193 Gr.B7M / A194 Gr.2HM | E61: ASTM A193 Gr.B7M / A194 Gr.2HM | F61: ASTM A193 Gr.B7M / A194 Gr.2HM | G61: ASTM A193 Gr.B7M / A194 Gr.2HM | H61: ASTM A193 Gr.B7M / A194 Gr.2HM | I61: ASTM A193 Gr.B7M / A194 Gr.2HM | J61: ASTM A193 Gr.B7M / A194 Gr.2HM | K61: ASTM A193 Gr.B7M / A194 Gr.2HM | L61: ASTM A193 Gr.B7M / A194 Gr.2HM | M61: ASTM A193 Gr.B7M / A194 Gr.2HM | N61: ASTM A193 Gr.B7M / A194 Gr.2HM | O61: ASTM A193 Gr.B7M / A194 Gr.2HM | P61: ASTM A193 Gr.B7M / A194 Gr.2HM | Q61: ASTM A193 Gr.B7M / A194 Gr.2HM | R61: ASTM A193 Gr.B7M / A194 Gr.2HM | S61: ASTM A193 Gr.B7M / A194 Gr.2HM
A62: =A6&".bolting" -> .bolting
A63: =A7&".bolting" -> .bolting
A64: =A8&".bolting" -> .bolting
A65: =A9&".bolting" -> .bolting
A66: =A10&".bolting" -> .bolting
A67: =A11&".bolting" -> .bolting
A68: =A12&".bolting" -> .bolting
A69: =A13&".bolting" -> .bolting
A70: =A14&".bolting" -> .bolting
A71: =A15&".bolting" -> .bolting
A72: =A16&".bolting" -> .bolting
A73: Gaskets Type&Material
A74: =A4&".gasket" -> CS-150#.gasket | B74: Spiral Wound / SS 316 IE | C74: Spiral Wound / SS 316 IE | D74: Spiral Wound / SS 316 IE | E74: Spiral Wound / SS 316 IE | F74: Spiral Wound / SS 316 IE | G74: Spiral Wound / SS 316 IE | H74: Spiral Wound / SS 316 IE | I74: Spiral Wound / SS 316 IE | J74: Spiral Wound / SS 316 IE | K74: Spiral Wound / SS 316 IE | L74: Spiral Wound / SS 316 IE | M74: Spiral Wound / SS 316 IE | N74: Spiral Wound / SS 316 IE | O74: Spiral Wound / SS 316 IE | P74: Spiral Wound / SS 316 IE | Q74: Spiral Wound / SS 316 IE | R74: Spiral Wound / SS 316 IE | S74: Spiral Wound / SS 316 IE
A75: =A5&".gasket" -> SS-300#.gasket | B75: Spiral Wound / SS 316 IE | C75: Spiral Wound / SS 316 IE | D75: Spiral Wound / SS 316 IE | E75: Spiral Wound / SS 316 IE | F75: Spiral Wound / SS 316 IE | G75: Spiral Wound / SS 316 IE | H75: Spiral Wound / SS 316 IE | I75: Spiral Wound / SS 316 IE | J75: Spiral Wound / SS 316 IE | K75: Spiral Wound / SS 316 IE | L75: Spiral Wound / SS 316 IE | M75: Spiral Wound / SS 316 IE | N75: Spiral Wound / SS 316 IE | O75: Spiral Wound / SS 316 IE | P75: Spiral Wound / SS 316 IE | Q75: Spiral Wound / SS 316 IE | R75: Spiral Wound / SS 316 IE | S75: Spiral Wound / SS 316 IE
A76: =A6&".gasket" -> .gasket
A77: =A7&".gasket" -> .gasket
A78: =A8&".gasket" -> .gasket
A79: =A9&".gasket" -> .gasket
A80: =A10&".gasket" -> .gasket
A81: =A11&".gasket" -> .gasket
A82: =A12&".gasket" -> .gasket
A83: =A13&".gasket" -> .gasket
A84: =A14&".gasket" -> .gasket
A85: =A15&".gasket" -> .gasket
A86: =A16&".gasket" -> .gasket
A87: General Information
B88: ANSI Rating | C88: Flange Facing | D88: C.A. | E88: NACE | F88: Sour Service | G88: Material Group | H88: Std. Ref. | I88: Mat. Cert. | J88: RT | K88: MPI | L88: LPI | M88: UT
D89: mm | E89: YES / NO | F89: YES / NO | J89: % | K89: % | L89: % | M89: %
A90: =List!BH2 -> CS-150# | B90: 150 | C90: RF | D90: 3 | E90: YES | F90: NO | G90: CS | H90: B31.3 / B16.5 | I90: 3.1 | J90: 0.1 | L90: 1
A91: =List!BH3 -> SS-300# | B91: 300 | C91: RF | D91: 0 | E91: YES | F91: NO | G91: SS | H91: B31.3 / B16.5 | I91: 3.1 | J91: 0.1 | K91: 1 | L91: 1
A92: =List!BH4 -> X
A93: =List!BH5 -> X
A94: =List!BH6 -> X
A95: =List!BH7 -> X
A96: =List!BH8 -> X
A97: =List!BH9 -> X
A98: =List!BH10 -> X
A99: =List!BH11 -> X
A100: =List!BH12 -> X
A101: =List!BH13 -> X
A102: =List!BH14 -> X
A103: Painting
A104: Painting Cycle
A106: Cycle 1
A107: Cycle 2
A108: Cycle 3
A118: Insulated
A119: 1

Sheet Valve Data
A1: Index | B1: Valve Type | C1: Piping Class | D1: Bore (for Ball Valve only) | E1: DN min | F1: DN max | G1: Rating | H1: Construction Code | I1: Body Contruction | J1: Valve Description | K1: Body Material | L1: Trim Matrial | M1: Ends Type | N1: Ends Face | O1: Trunnion / Floating | P1: Gear / Lever / Handwheel Operated | Q1: Seat Type / Material | R1: Packing Type / Material | S1: NACE MR0175/ISO 15156 | T1: Sour Service | U1: Lethal Service | V1: Material Certification EN10204 | W1: Disc Type | X1: Disc Material | Y1: C.A. [mm] | Z1: Fire Safe | AA1: Packing Type / Material | AB1: Material Group | AC1: NOTE 1 | AD1: NOTE 2
A2: 1 | B2: Ball_valve | C2: CS-150# | D2: RB | E2: 0.5 | F2: 1.5 | G2: =IFERROR(VLOOKUP(C2,'Piping Class'!$90:$102,2,0),"") -> 150 | H2: ISO 14313 / API 608 | I2: Split Body | K2: A105 | L2: F316 | M2: Flange | N2: RF | O2: Floating | P2: Lever | Q2: R-PTFE | R2: Graphite | S2: YES | T2: NO | U2: NO | V2: 3.1 | Y2: 3 | Z2: API 608 / ISO 10497 | AB2: =IFERROR(VLOOKUP(C2,'Piping Class'!$90:$102,7,0),"") -> CS
A3: 28 | B3: Ball_valve | C3: CS-150# | D3: RB | E3: 1 | F3: 6 | G3: =IFERROR(VLOOKUP(C3,'Piping Class'!$90:$102,2,0),"") -> 150 | H3: ISO 14313 / API 608 | I3: Split Body | K3: A105 | L3: F316 | M3: Flange | N3: RF | O3: Floating | P3: Lever | Q3: R-PTFE | R3: Graphite | S3: YES | T3: NO | U3: NO | V3: 3.1 | Y3: 3 | Z3: API 608 / ISO 10497 | AB3: =IFERROR(VLOOKUP(C3,'Piping Class'!$90:$102,7,0),"") -> CS
A4: 6 | B4: Ball_valve | C4: CS-150# | D4: RB | E4: 8 | F4: 24 | G4: =IFERROR(VLOOKUP(C4,'Piping Class'!$90:$102,2,0),"") -> 150 | H4: ISO 14313 / API 608 | I4: Split Body | K4: A105 | L4: F316 | M4: Flange | N4: RF | O4: Floating | P4: Lever | Q4: R-PTFE | R4: Graphite | S4: YES | T4: NO | U4: NO | V4: 3.1 | Y4: 3 | Z4: API 608 / ISO 10497 | AB4: =IFERROR(VLOOKUP(C4,'Piping Class'!$90:$102,7,0),"") -> CS
A5: 15 | B5: Check_valve | C5: CS-150# | E5: 0.5 | F5: 24 | G5: =IFERROR(VLOOKUP(C5,'Piping Class'!$90:$102,2,0),"") -> 150 | H5: ISO 15761/API 602 | K5: A216 WCB | M5: Flange | N5: RF | S5: YES | T5: NO | U5: NO | V5: 3.1 | X5: AISI 316 | Y5: 0 | Z5: API 608 / ISO 10497 | AB5: =IFERROR(VLOOKUP(C5,'Piping Class'!$90:$102,7,0),"") -> CS
A6: 2 | B6: Globe_valve | C6: CS-150# | E6: 0.5 | F6: 24 | G6: =IFERROR(VLOOKUP(C6,'Piping Class'!$90:$102,2,0),"") -> 150 | H6: ISO 14313 / API 611 | K6: A216 WCB | L6: F316 | M6: Flange | N6: RF | P6: Handwheel | Q6: R-PTFE | R6: Graphite | S6: YES | T6: NO | U6: NO | V6: 3.1 | Y6: 3 | Z6: API 608 / ISO 10497 | AB6: =IFERROR(VLOOKUP(C6,'Piping Class'!$90:$102,7,0),"") -> CS
A7: 5 | B7: Gate_valve | C7: CS-150# | E7: 0.5 | F7: 24 | G7: =IFERROR(VLOOKUP(C7,'Piping Class'!$90:$102,2,0),"") -> 150 | H7: ISO 14313 / API 611 | K7: A216 WCB | L7: F316 | M7: Flange | N7: RF | P7: Handwheel | Q7: R-PTFE | R7: Graphite | S7: YES | T7: NO | U7: NO | V7: 3.1 | Y7: 3 | Z7: API 608 / ISO 10497 | AB7: =IFERROR(VLOOKUP(C7,'Piping Class'!$90:$102,7,0),"") -> CS
A8: 10 | G8: =IFERROR(VLOOKUP(C8,'Piping Class'!$90:$102,2,0),"") | AB8: =IFERROR(VLOOKUP(C8,'Piping Class'!$90:$102,7,0),"")
A9: 19 | B9: DBB | C9: SS-600# | E9: 0.5 | F9: 3 | G9: =IFERROR(VLOOKUP(C9,'Piping Class'!$90:$102,2,0),"") | H9: ISO 14313 / API 608 | I9: Split Body | K9: AISI 316L | L9: F316 | M9: Flange | N9: RF | O9: Floating | P9: Lever | Q9: R-PTFE | R9: Graphite | S9: YES | T9: NO | U9: NO | V9: 3.1 | Y9: 3 | Z9: API 608 / ISO 10497 | AB9: =IFERROR(VLOOKUP(C9,'Piping Class'!$90:$102,7,0),"")
A10: 16 | G10: =IFERROR(VLOOKUP(C10,'Piping Class'!$90:$102,2,0),"") | AB10: =IFERROR(VLOOKUP(C10,'Piping Class'!$90:$102,7,0),"")
A11: 7 | B11: Ball_valve | C11: SS-600# | D11: RB | E11: 0.5 | F11: 1.5 | G11: =IFERROR(VLOOKUP(C11,'Piping Class'!$90:$102,2,0),"") | H11: ISO 14313 / API 608 | I11: Split Body | K11: AISI 316L | L11: F316 | M11: Flange | N11: RF | O11: Floating | P11: Lever | Q11: R-PTFE | R11: Graphite | S11: YES | T11: NO | U11: NO | V11: 3.1 | X11: AISI 316 | Y11: 0 | Z11: API 608 / ISO 10497 | AB11: =IFERROR(VLOOKUP(C11,'Piping Class'!$90:$102,7,0),"")
A12: 11 | B12: Ball_valve | C12: SS-600# | D12: RB | E12: 1 | F12: 6 | G12: =IFERROR(VLOOKUP(C12,'Piping Class'!$90:$102,2,0),"") | H12: ISO 14313 / API 608 | I12: Split Body | K12: AISI 316L | L12: F316 | M12: Flange | N12: RF | O12: Floating | P12: Lever | Q12: R-PTFE | R12: Graphite | S12: YES | T12: NO | U12: NO | V12: 3.1 | X12: AISI 316 | Y12: 0 | Z12: API 608 / ISO 10497 | AB12: =IFERROR(VLOOKUP(C12,'Piping Class'!$90:$102,7,0),"")
A13: 14 | B13: Ball_valve | C13: SS-600# | D13: RB | E13: 8 | F13: 24 | G13: =IFERROR(VLOOKUP(C13,'Piping Class'!$90:$102,2,0),"") | H13: ISO 14313 / API 608 | I13: Split Body | K13: AISI 316L | L13: F316 | M13: Flange | N13: RF | O13: Floating | P13: Lever | Q13: R-PTFE | R13: Graphite | S13: YES | T13: NO | U13: NO | V13: 3.1 | Y13: 3 | Z13: API 608 / ISO 10497 | AB13: =IFERROR(VLOOKUP(C13,'Piping Class'!$90:$102,7,0),"")
A14: 26 | B14: Check_valve | C14: SS-600# | E14: 0.5 | F14: 24 | G14: =IFERROR(VLOOKUP(C14,'Piping Class'!$90:$102,2,0),"") | H14: ISO 15761/API 602 | K14: AISI 316L | M14: Flange | N14: RF | S14: YES | T14: NO | U14: NO | V14: 3.1 | X14: AISI 316 | Y14: 0 | Z14: API 608 / ISO 10497 | AB14: =IFERROR(VLOOKUP(C14,'Piping Class'!$90:$102,7,0),"")
A15: 20 | B15: Globe_valve | C15: SS-600# | E15: 0.5 | F15: 24 | G15: =IFERROR(VLOOKUP(C15,'Piping Class'!$90:$102,2,0),"") | H15: ISO 14313 / API 611 | K15: AISI 316L | L15: F316 | M15: Flange | N15: RF | P15: Handwheel | Q15: R-PTFE | R15: Graphite | S15: YES | T15: NO | U15: NO | V15: 3.1 | Y15: 3 | Z15: API 608 / ISO 10497 | AB15: =IFERROR(VLOOKUP(C15,'Piping Class'!$90:$102,7,0),"")
A16: 22 | B16: Gate_valve | C16: SS-600# | E16: 0.5 | F16: 24 | G16: =IFERROR(VLOOKUP(C16,'Piping Class'!$90:$102,2,0),"") | H16: ISO 14313 / API 611 | K16: AISI 316L | L16: F316 | M16: Flange | N16: RF | P16: Handwheel | Q16: R-PTFE | R16: Graphite | S16: YES | T16: NO | U16: NO | V16: 3.1 | Y16: 3 | Z16: API 608 / ISO 10497 | AB16: =IFERROR(VLOOKUP(C16,'Piping Class'!$90:$102,7,0),"")
A17: 24 | G17: =IFERROR(VLOOKUP(C17,'Piping Class'!$90:$102,2,0),"") | AB17: =IFERROR(VLOOKUP(C17,'Piping Class'!$90:$102,7,0),"")
A18: 3 | B18: DBB | C18: CS-900# | E18: 0.5 | F18: 3 | G18: =IFERROR(VLOOKUP(C18,'Piping Class'!$90:$102,2,0),"") | H18: ISO 14313 / API 608 | I18: Split Body | K18: A105 | L18: F316 | M18: Flange | N18: RF | O18: Floating | P18: Lever | Q18: R-PTFE | R18: Graphite | S18: YES | T18: NO | U18: NO | V18: 3.1 | Y18: 3 | Z18: API 608 / ISO 10497 | AB18: =IFERROR(VLOOKUP(C18,'Piping Class'!$90:$102,7,0),"")
A19: 4 | G19: =IFERROR(VLOOKUP(C19,'Piping Class'!$90:$102,2,0),"") | AB19: =IFERROR(VLOOKUP(C19,'Piping Class'!$90:$102,7,0),"")
A20: 8 | B20: Ball_valve | C20: SS-300# | D20: RB | E20: 0.5 | F20: 1.5 | G20: =IFERROR(VLOOKUP(C20,'Piping Class'!$90:$102,2,0),"") -> 300 | H20: ISO 14313 / API 608 | I20: Split Body | K20: AISI 316L | L20: F316 | M20: Flange | N20: RF | O20: Floating | P20: Lever | Q20: R-PTFE | R20: Graphite | S20: YES | T20: NO | U20: NO | V20: 3.1 | Y20: 3 | Z20: API 608 / ISO 10497 | AB20: =IFERROR(VLOOKUP(C20,'Piping Class'!$90:$102,7,0),"") -> SS
A21: 9 | B21: Ball_valve | C21: SS-300# | D21: RB | E21: 2 | F21: 6 | G21: =IFERROR(VLOOKUP(C21,'Piping Class'!$90:$102,2,0),"") -> 300 | H21: ISO 14313 / API 608 | I21: Split Body | K21: AISI 316L | L21: F316 | M21: Flange | N21: RF | O21: Trunion | P21: Lever | Q21: R-PTFE | R21: Graphite | S21: YES | T21: NO | U21: NO | V21: 3.1 | Y21: 3 | Z21: API 608 / ISO 10497 | AB21: =IFERROR(VLOOKUP(C21,'Piping Class'!$90:$102,7,0),"") -> SS
A22: 12 | B22: Ball_valve | C22: SS-300# | D22: RB | E22: 8 | F22: 24 | G22: =IFERROR(VLOOKUP(C22,'Piping Class'!$90:$102,2,0),"") -> 300 | H22: ISO 14313 / API 608 | I22: Split Body | K22: AISI 316L | L22: F316 | M22: Flange | N22: RF | O22: Trunion | P22: gear | Q22: R-PTFE | R22: Graphite | S22: YES | T22: NO | U22: NO | V22: 3.1 | Y22: 3 | Z22: API 608 / ISO 10497 | AB22: =IFERROR(VLOOKUP(C22,'Piping Class'!$90:$102,7,0),"") -> SS
A23: 13 | B23: Check_valve | C23: SS-300# | E23: 0.5 | F23: 24 | G23: =IFERROR(VLOOKUP(C23,'Piping Class'!$90:$102,2,0),"") -> 300 | H23: ISO 15761/API 602 | K23: AISI 316L | M23: Flange | N23: RF | S23: YES | T23: NO | U23: NO | V23: 3.1 | X23: AISI 316 | Y23: 3 | Z23: API 608 / ISO 10497 | AB23: =IFERROR(VLOOKUP(C23,'Piping Class'!$90:$102,7,0),"") -> SS
A24: 27 | B24: Globe_valve | C24: SS-150# | E24: 0.5 | F24: 24 | G24: =IFERROR(VLOOKUP(C24,'Piping Class'!$90:$102,2,0),"") | H24: ISO 14313 / API 611 | K24: AISI 316L | L24: F316 | M24: Flange | N24: RF | P24: Handwheel | Q24: R-PTFE | R24: Graphite | S24: YES | T24: NO | U24: NO | V24: 3.1 | Y24: 3 | Z24: API 608 / ISO 10497 | AB24: =IFERROR(VLOOKUP(C24,'Piping Class'!$90:$102,7,0),"")
A25: 17 | B25: Gate_valve | C25: SS-150# | E25: 0.5 | F25: 24 | G25: =IFERROR(VLOOKUP(C25,'Piping Class'!$90:$102,2,0),"") | H25: ISO 14313 / API 611 | K25: AISI 316L | L25: F316 | M25: Flange | N25: RF | P25: Handwheel | Q25: R-PTFE | R25: Graphite | S25: YES | T25: NO | U25: NO | V25: 3.1 | Y25: 3 | Z25: API 608 / ISO 10497 | AB25: =IFERROR(VLOOKUP(C25,'Piping Class'!$90:$102,7,0),"")
A26: 18 | G26: =IFERROR(VLOOKUP(C26,'Piping Class'!$90:$102,2,0),"") | AB26: =IFERROR(VLOOKUP(C26,'Piping Class'!$90:$102,7,0),"")
A27: 21 | B27: DBB | C27: SS-150# | E27: 0.5 | F27: 3 | G27: =IFERROR(VLOOKUP(C27,'Piping Class'!$90:$102,2,0),"") | H27: ISO 14313 / API 608 | I27: Split Body | K27: AISI 316L | L27: F316 | M27: Flange | N27: RF | O27: Floating | P27: Lever | Q27: R-PTFE | R27: Graphite | S27: YES | T27: NO | U27: NO | V27: 3.1 | Y27: 3 | Z27: API 608 / ISO 10497 | AB27: =IFERROR(VLOOKUP(C27,'Piping Class'!$90:$102,7,0),"")
A28: 23 | G28: =IFERROR(VLOOKUP(C28,'Piping Class'!$90:$102,2,0),"") | AB28: =IFERROR(VLOOKUP(C28,'Piping Class'!$90:$102,7,0),"")
A29: 25 | B29: Ball_valve | C29: SS-900# | D29: RB | E29: 0.5 | F29: 1.5 | G29: =IFERROR(VLOOKUP(C29,'Piping Class'!$90:$102,2,0),"") | H29: ISO 14313 / API 608 | I29: Split Body | K29: AISI 316L | L29: F316 | M29: Flange | N29: RF | O29: Floating | P29: Lever | Q29: R-PTFE | R29: Graphite | S29: YES | T29: NO | U29: NO | V29: 3.1 | Y29: 3 | Z29: API 608 / ISO 10497 | AB29: =IFERROR(VLOOKUP(C29,'Piping Class'!$90:$102,7,0),"")
A30: 29 | B30: Ball_valve | C30: SS-900# | D30: RB | E30: 2 | F30: 6 | G30: =IFERROR(VLOOKUP(C30,'Piping Class'!$90:$102,2,0),"") | H30: ISO 14313 / API 608 | I30: Split Body | K30: AISI 316L | L30: F316 | M30: Flange | N30: RF | O30: Trunion | P30: Lever | Q30: R-PTFE | R30: Graphite | S30: YES | T30: NO | U30: NO | V30: 3.1 | Y30: 3 | Z30: API 608 / ISO 10497 | AB30: =IFERROR(VLOOKUP(C30,'Piping Class'!$90:$102,7,0),"")
A31: 30 | B31: Ball_valve | C31: SS-900# | D31: RB | E31: 8 | F31: 24 | G31: =IFERROR(VLOOKUP(C31,'Piping Class'!$90:$102,2,0),"") | H31: ISO 14313 / API 608 | I31: Split Body | K31: AISI 316L | L31: F316 | M31: Flange | N31: RF | O31: Trunion | P31: gear | Q31: R-PTFE | R31: Graphite | S31: YES | T31: NO | U31: NO | V31: 3.1 | Y31: 3 | Z31: API 608 / ISO 10497 | AB31: =IFERROR(VLOOKUP(C31,'Piping Class'!$90:$102,7,0),"")
A32: 31 | B32: Check_valve | C32: SS-900# | E32: 0.5 | F32: 24 | G32: =IFERROR(VLOOKUP(C32,'Piping Class'!$90:$102,2,0),"") | H32: ISO 15761/API 602 | K32: AISI 316L | M32: Flange | N32: RF | S32: YES | T32: NO | U32: NO | V32: 3.1 | X32: AISI 316 | Y32: 3 | Z32: API 608 / ISO 10497 | AB32: =IFERROR(VLOOKUP(C32,'Piping Class'!$90:$102,7,0),"")
A33: 32 | B33: Globe_valve | C33: SS-900# | E33: 0.5 | F33: 24 | G33: =IFERROR(VLOOKUP(C33,'Piping Class'!$90:$102,2,0),"") | H33: ISO 14313 / API 611 | K33: AISI 316L | L33: F316 | M33: Flange | N33: RF | P33: Handwheel | Q33: R-PTFE | R33: Graphite | S33: YES | T33: NO | U33: NO | V33: 3.1 | Y33: 3 | Z33: API 608 / ISO 10497 | AB33: =IFERROR(VLOOKUP(C33,'Piping Class'!$90:$102,7,0),"")
A34: 33 | B34: Gate_valve | C34: CS-900# | E34: 0.5 | F34: 24 | G34: =IFERROR(VLOOKUP(C34,'Piping Class'!$90:$102,2,0),"") | H34: ISO 14313 / API 611 | K34: A216 WCB | L34: F316 | M34: Flange | N34: RF | P34: Handwheel | Q34: R-PTFE | R34: Graphite | S34: YES | T34: NO | U34: NO | V34: 3.1 | Y34: 3 | Z34: API 608 / ISO 10497 | AB34: =IFERROR(VLOOKUP(C34,'Piping Class'!$90:$102,7,0),"")
A35: 34 | G35: =IFERROR(VLOOKUP(C35,'Piping Class'!$90:$102,2,0),"") | AB35: =IFERROR(VLOOKUP(C35,'Piping Class'!$90:$102,7,0),"")
A36: 35 | B36: DBB | C36: CS-150# | E36: 0.5 | F36: 3 | G36: =IFERROR(VLOOKUP(C36,'Piping Class'!$90:$102,2,0),"") -> 150 | H36: ISO 14313 / API 608 | I36: Split Body | K36: A105 | L36: F316 | M36: Flange | N36: RF | O36: Floating | P36: Lever | Q36: R-PTFE | R36: Graphite | S36: YES | T36: NO | U36: NO | V36: 3.1 | Y36: 3 | Z36: API 608 / ISO 10497 | AB36: =IFERROR(VLOOKUP(C36,'Piping Class'!$90:$102,7,0),"") -> CS
A37: 36 | B37: SBB | C37: SS-900# | E37: 0.5 | F37: 3 | G37: =IFERROR(VLOOKUP(C37,'Piping Class'!$90:$102,2,0),"") | H37: ISO 14313 / API 608 | I37: Split Body | K37: AISI 316L | L37: F316 | M37: Flange | N37: RF | O37: Floating | P37: Lever | Q37: R-PTFE | R37: Graphite | S37: YES | T37: NO | U37: NO | V37: 3.1 | Y37: 3 | Z37: API 608 / ISO 10497 | AB37: =IFERROR(VLOOKUP(C37,'Piping Class'!$90:$102,7,0),"")
A38: 37 | G38: =IFERROR(VLOOKUP(C38,'Piping Class'!$90:$102,2,0),"") | AB38: =IFERROR(VLOOKUP(C38,'Piping Class'!$90:$102,7,0),"")
A39: 38 | B39: Globe_valve | C39: SS-150# | E39: 0.5 | F39: 24 | G39: =IFERROR(VLOOKUP(C39,'Piping Class'!$90:$102,2,0),"") | H39: ISO 14313 / API 611 | K39: AISI 316L | L39: F316 | M39: Flange | N39: RF | P39: Handwheel | Q39: R-PTFE | R39: Graphite | S39: YES | T39: NO | U39: NO | V39: 3.1 | Y39: 3 | Z39: API 608 / ISO 10497 | AB39: =IFERROR(VLOOKUP(C39,'Piping Class'!$90:$102,7,0),"")
A40: 39 | B40: Globe_valve | C40: CS-150# | E40: 0.5 | F40: 24 | G40: =IFERROR(VLOOKUP(C40,'Piping Class'!$90:$102,2,0),"") -> 150 | H40: ISO 14313 / API 611 | K40: A216 WCB | L40: F316 | M40: Flange | N40: RF | P40: Handwheel | Q40: R-PTFE | R40: Graphite | S40: YES | T40: NO | U40: NO | V40: 3.1 | Y40: 3 | Z40: API 608 / ISO 10497 | AB40: =IFERROR(VLOOKUP(C40,'Piping Class'!$90:$102,7,0),"") -> CS
A41: 40 | B41: Globe_valve | C41: CS-150# | E41: 0.5 | F41: 24 | G41: =IFERROR(VLOOKUP(C41,'Piping Class'!$90:$102,2,0),"") -> 150 | H41: ISO 14313 / API 611 | K41: A216 WCB | L41: F316 | M41: Flange | N41: RF | P41: Handwheel | Q41: R-PTFE | R41: Graphite | S41: YES | T41: NO | U41: NO | V41: 3.1 | Y41: 3 | Z41: API 608 / ISO 10497 | AB41: =IFERROR(VLOOKUP(C41,'Piping Class'!$90:$102,7,0),"") -> CS
A42: 41 | G42: =IFERROR(VLOOKUP(C42,'Piping Class'!$90:$102,2,0),"") | AB42: =IFERROR(VLOOKUP(C42,'Piping Class'!$90:$102,7,0),"")
A43: 42 | B43: Gate_valve | C43: CS-900# | E43: 0.5 | F43: 24 | G43: =IFERROR(VLOOKUP(C43,'Piping Class'!$90:$102,2,0),"") | H43: ISO 14313 / API 611 | K43: A216 WCB | L43: F316 | M43: Flange | N43: RF | P43: Handwheel | Q43: R-PTFE | R43: Graphite | S43: YES | T43: NO | U43: NO | V43: 3.1 | Y43: 3 | Z43: API 608 / ISO 10497 | AB43: =IFERROR(VLOOKUP(C43,'Piping Class'!$90:$102,7,0),"")
A44: 43 | B44: Gate_valve | C44: SS-150# | E44: 0.5 | F44: 24 | G44: =IFERROR(VLOOKUP(C44,'Piping Class'!$90:$102,2,0),"") | H44: ISO 14313 / API 611 | K44: AISI 316L | L44: F316 | M44: Flange | N44: RF | P44: Handwheel | Q44: R-PTFE | R44: Graphite | S44: YES | T44: NO | U44: NO | V44: 3.1 | Y44: 3 | Z44: API 608 / ISO 10497 | AB44: =IFERROR(VLOOKUP(C44,'Piping Class'!$90:$102,7,0),"")
A45: 44 | B45: Gate_valve | C45: CS-150# | E45: 0.5 | F45: 24 | G45: =IFERROR(VLOOKUP(C45,'Piping Class'!$90:$102,2,0),"") -> 150 | H45: ISO 14313 / API 611 | K45: A216 WCB | L45: F316 | M45: Flange | N45: RF | P45: Handwheel | Q45: R-PTFE | R45: Graphite | S45: YES | T45: NO | U45: NO | V45: 3.1 | Y45: 3 | Z45: API 608 / ISO 10497 | AB45: =IFERROR(VLOOKUP(C45,'Piping Class'!$90:$102,7,0),"") -> CS
A46: 45 | G46: =IFERROR(VLOOKUP(C46,'Piping Class'!$90:$102,2,0),"") | AB46: =IFERROR(VLOOKUP(C46,'Piping Class'!$90:$102,7,0),"")
A47: 46 | B47: SBB | C47: CS-900# | E47: 0.5 | F47: 3 | G47: =IFERROR(VLOOKUP(C47,'Piping Class'!$90:$102,2,0),"") | H47: ISO 14313 / API 608 | I47: Split Body | K47: A 105 | L47: F316 | M47: Flange | N47: RF | O47: Floating | P47: Lever | Q47: R-PTFE | R47: Graphite | S47: YES | T47: NO | U47: NO | V47: 3.1 | Y47: 3 | Z47: API 608 / ISO 10497 | AB47: =IFERROR(VLOOKUP(C47,'Piping Class'!$90:$102,7,0),"")
A48: 47 | B48: SBB | C48: CS-150# | E48: 0.5 | F48: 3 | G48: =IFERROR(VLOOKUP(C48,'Piping Class'!$90:$102,2,0),"") -> 150 | H48: ISO 14313 / API 608 | I48: Split Body | K48: A 105 | L48: F316 | M48: Flange | N48: RF | O48: Floating | P48: Lever | Q48: R-PTFE | R48: Graphite | S48: YES | T48: NO | U48: NO | V48: 3.1 | Y48: 3 | Z48: API 608 / ISO 10497 | AB48: =IFERROR(VLOOKUP(C48,'Piping Class'!$90:$102,7,0),"") -> CS
A49: 48 | B49: SBB | C49: SS-150# | E49: 0.5 | F49: 3 | G49: =IFERROR(VLOOKUP(C49,'Piping Class'!$90:$102,2,0),"") | H49: ISO 14313 / API 608 | I49: Split Body | K49: AISI 316L | L49: F316 | M49: Flange | N49: RF | O49: Floating | P49: Lever | Q49: R-PTFE | R49: Graphite | S49: YES | T49: NO | U49: NO | V49: 3.1 | Y49: 3 | Z49: API 608 / ISO 10497 | AB49: =IFERROR(VLOOKUP(C49,'Piping Class'!$90:$102,7,0),"")
A50: 49 | G50: =IFERROR(VLOOKUP(C50,'Piping Class'!$90:$102,2,0),"") | AB50: =IFERROR(VLOOKUP(C50,'Piping Class'!$90:$102,7,0),"")
A51: 50 | B51: Ball_valve | C51: CS-900# | D51: RB | E51: 0.5 | F51: 1.5 | G51: =IFERROR(VLOOKUP(C51,'Piping Class'!$90:$102,2,0),"") | H51: ISO 14313 / API 608 | I51: Split Body | K51: A105 | L51: F316 | M51: Flange | N51: RF | O51: Floating | P51: Lever | Q51: R-PTFE | R51: Graphite | S51: YES | T51: NO | U51: NO | V51: 3.1 | Y51: 3 | Z51: API 608 / ISO 10497 | AB51: =IFERROR(VLOOKUP(C51,'Piping Class'!$90:$102,7,0),"")
A52: 51 | B52: Ball_valve | C52: CS-900# | D52: RB | E52: 2 | F52: 6 | G52: =IFERROR(VLOOKUP(C52,'Piping Class'!$90:$102,2,0),"") | H52: ISO 14313 / API 608 | I52: Split Body | K52: A105 | L52: F316 | M52: Flange | N52: RF | O52: Floating | P52: Lever | Q52: R-PTFE | R52: Graphite | S52: YES | T52: NO | U52: NO | V52: 3.1 | Y52: 3 | Z52: API 608 / ISO 10497 | AB52: =IFERROR(VLOOKUP(C52,'Piping Class'!$90:$102,7,0),"")
A53: 52 | B53: Ball_valve | C53: CS-900# | D53: RB | E53: 8 | F53: 24 | G53: =IFERROR(VLOOKUP(C53,'Piping Class'!$90:$102,2,0),"") | H53: ISO 14313 / API 608 | I53: Split Body | K53: A105 | L53: F316 | M53: Flange | N53: RF | O53: Floating | P53: Lever | Q53: R-PTFE | R53: Graphite | S53: YES | T53: NO | U53: NO | V53: 3.1 | Y53: 3 | Z53: API 608 / ISO 10497 | AB53: =IFERROR(VLOOKUP(C53,'Piping Class'!$90:$102,7,0),"")
A54: 53 | G54: =IFERROR(VLOOKUP(C54,'Piping Class'!$90:$102,2,0),"") | AB54: =IFERROR(VLOOKUP(C54,'Piping Class'!$90:$102,7,0),"")
A55: 54 | B55: Ball_valve | C55: SS-900# | D55: RB | E55: 0.5 | F55: 1.5 | G55: =IFERROR(VLOOKUP(C55,'Piping Class'!$90:$102,2,0),"") | H55: ISO 14313 / API 608 | I55: Split Body | K55: AISI 316L | L55: F316 | M55: Flange | N55: RF | O55: Floating | P55: Lever | Q55: R-PTFE | R55: Graphite | S55: YES | T55: NO | U55: NO | V55: 3.1 | Y55: 3 | Z55: API 608 / ISO 10497 | AB55: =IFERROR(VLOOKUP(C55,'Piping Class'!$90:$102,7,0),"")
A56: 55 | B56: Ball_valve | C56: SS-900# | D56: RB | E56: 2 | F56: 6 | G56: =IFERROR(VLOOKUP(C56,'Piping Class'!$90:$102,2,0),"") | H56: ISO 14313 / API 608 | I56: Split Body | K56: AISI 316L | L56: F316 | M56: Flange | N56: RF | O56: Trunion | P56: Lever | Q56: R-PTFE | R56: Graphite | S56: YES | T56: NO | U56: NO | V56: 3.1 | Y56: 3 | Z56: API 608 / ISO 10497 | AB56: =IFERROR(VLOOKUP(C56,'Piping Class'!$90:$102,7,0),"")
A57: 56 | B57: Ball_valve | C57: SS-900# | D57: RB | E57: 8 | F57: 24 | G57: =IFERROR(VLOOKUP(C57,'Piping Class'!$90:$102,2,0),"") | H57: ISO 14313 / API 608 | I57: Split Body | K57: AISI 316L | L57: F316 | M57: Flange | N57: RF | O57: Trunion | P57: gear | Q57: R-PTFE | R57: Graphite | S57: YES | T57: NO | U57: NO | V57: 3.1 | Y57: 3 | Z57: API 608 / ISO 10497 | AB57: =IFERROR(VLOOKUP(C57,'Piping Class'!$90:$102,7,0),"")
A58: 57 | G58: =IFERROR(VLOOKUP(C58,'Piping Class'!$90:$102,2,0),"") | H58: ISO 14313 / API 608 | I58: Split Body | K58: AISI 316L | L58: F316 | M58: Flange | N58: RF | O58: Floating | P58: Lever | Q58: R-PTFE | R58: Graphite | S58: YES | T58: NO | U58: NO | V58: 3.1 | Y58: 3 | Z58: API 608 / ISO 10497 | AB58: =IFERROR(VLOOKUP(C58,'Piping Class'!$90:$102,7,0),"")
A59: 58 | B59: Ball_valve | C59: SS-150# | D59: RB | E59: 0.5 | F59: 1.5 | G59: =IFERROR(VLOOKUP(C59,'Piping Class'!$90:$102,2,0),"") | H59: ISO 14313 / API 608 | I59: Split Body | K59: AISI 316L | L59: F316 | M59: Flange | N59: RF | O59: Trunion | P59: Lever | Q59: R-PTFE | R59: Graphite | S59: YES | T59: NO | U59: NO | V59: 3.1 | Y59: 3 | Z59: API 608 / ISO 10497 | AB59: =IFERROR(VLOOKUP(C59,'Piping Class'!$90:$102,7,0),"")
A60: 59 | B60: Ball_valve | C60: SS-150# | D60: RB | E60: 2 | F60: 6 | G60: =IFERROR(VLOOKUP(C60,'Piping Class'!$90:$102,2,0),"") | H60: ISO 14313 / API 608 | I60: Split Body | K60: AISI 316L | L60: F316 | M60: Flange | N60: RF | O60: Trunion | P60: gear | Q60: R-PTFE | R60: Graphite | S60: YES | T60: NO | U60: NO | V60: 3.1 | Y60: 3 | Z60: API 608 / ISO 10497 | AB60: =IFERROR(VLOOKUP(C60,'Piping Class'!$90:$102,7,0),"")
A61: 60 | B61: Ball_valve | C61: SS-150# | D61: RB | E61: 8 | F61: 24 | G61: =IFERROR(VLOOKUP(C61,'Piping Class'!$90:$102,2,0),"") | H61: ISO 14313 / API 608 | I61: Split Body | K61: AISI 316L | L61: F316 | M61: Flange | N61: RF | O61: Trunion | P61: gear | Q61: R-PTFE | R61: Graphite | S61: YES | T61: NO | U61: NO | V61: 3.1 | Y61: 3 | Z61: API 608 / ISO 10497 | AB61: =IFERROR(VLOOKUP(C61,'Piping Class'!$90:$102,7,0),"")
A62: 61 | G62: =IFERROR(VLOOKUP(C62,'Piping Class'!$90:$102,2,0),"") | AB62: =IFERROR(VLOOKUP(C62,'Piping Class'!$90:$102,7,0),"")
A63: 62 | B63: Ball_valve | C63: CS-150# | D63: RB | E63: 0.5 | F63: 1.5 | G63: =IFERROR(VLOOKUP(C63,'Piping Class'!$90:$102,2,0),"") -> 150 | H63: ISO 14313 / API 608 | I63: Split Body | K63: A105 | L63: F316 | M63: Flange | N63: RF | O63: Floating | P63: Lever | Q63: R-PTFE | R63: Graphite | S63: YES | T63: NO | U63: NO | V63: 3.1 | Y63: 3 | Z63: API 608 / ISO 10497 | AB63: =IFERROR(VLOOKUP(C63,'Piping Class'!$90:$102,7,0),"") -> CS
A64: 63 | B64: Ball_valve | C64: CS-150# | D64: RB | E64: 2 | F64: 6 | G64: =IFERROR(VLOOKUP(C64,'Piping Class'!$90:$102,2,0),"") -> 150 | H64: ISO 14313 / API 608 | I64: Split Body | K64: A105 | L64: F316 | M64: Flange | N64: RF | O64: Floating | P64: Lever | Q64: R-PTFE | R64: Graphite | S64: YES | T64: NO | U64: NO | V64: 3.1 | Y64: 3 | Z64: API 608 / ISO 10497 | AB64: =IFERROR(VLOOKUP(C64,'Piping Class'!$90:$102,7,0),"") -> CS
A65: 64 | B65: Ball_valve | C65: CS-150# | D65: RB | E65: 8 | F65: 24 | G65: =IFERROR(VLOOKUP(C65,'Piping Class'!$90:$102,2,0),"") -> 150 | H65: ISO 14313 / API 608 | I65: Split Body | K65: A105 | L65: F316 | M65: Flange | N65: RF | O65: Floating | P65: Lever | Q65: R-PTFE | R65: Graphite | S65: YES | T65: NO | U65: NO | V65: 3.1 | Y65: 3 | Z65: API 608 / ISO 10497 | AB65: =IFERROR(VLOOKUP(C65,'Piping Class'!$90:$102,7,0),"") -> CS
A66: 65 | G66: =IFERROR(VLOOKUP(C66,'Piping Class'!$90:$102,2,0),"") | AB66: =IFERROR(VLOOKUP(C66,'Piping Class'!$90:$102,7,0),"")
A67: 66 | B67: Gate_valve | C67: SS-900# | E67: 0.5 | F67: 24 | G67: =IFERROR(VLOOKUP(C67,'Piping Class'!$90:$102,2,0),"") | H67: ISO 14313 / API 611 | K67: AISI 316L | L67: F316 | M67: Flange | N67: RF | P67: Handwheel | Q67: R-PTFE | R67: Graphite | S67: YES | T67: NO | U67: NO | V67: 3.1 | Y67: 3 | Z67: API 608 / ISO 10497 | AB67: =IFERROR(VLOOKUP(C67,'Piping Class'!$90:$102,7,0),"")
A68: 67 | G68: =IFERROR(VLOOKUP(C68,'Piping Class'!$90:$102,2,0),"") | AB68: =IFERROR(VLOOKUP(C68,'Piping Class'!$90:$102,7,0),"")
A69: 68 | G69: =IFERROR(VLOOKUP(C69,'Piping Class'!$90:$102,2,0),"") | AB69: =IFERROR(VLOOKUP(C69,'Piping Class'!$90:$102,7,0),"")
A70: 69 | G70: =IFERROR(VLOOKUP(C70,'Piping Class'!$90:$102,2,0),"") | AB70: =IFERROR(VLOOKUP(C70,'Piping Class'!$90:$102,7,0),"")
A71: 70 | G71: =IFERROR(VLOOKUP(C71,'Piping Class'!$90:$102,2,0),"") | AB71: =IFERROR(VLOOKUP(C71,'Piping Class'!$90:$102,7,0),"")
A72: 71 | G72: =IFERROR(VLOOKUP(C72,'Piping Class'!$90:$102,2,0),"") | AB72: =IFERROR(VLOOKUP(C72,'Piping Class'!$90:$102,7,0),"")
A73: 72 | G73: =IFERROR(VLOOKUP(C73,'Piping Class'!$90:$102,2,0),"") | AB73: =IFERROR(VLOOKUP(C73,'Piping Class'!$90:$102,7,0),"")
A74: 73 | G74: =IFERROR(VLOOKUP(C74,'Piping Class'!$90:$102,2,0),"") | AB74: =IFERROR(VLOOKUP(C74,'Piping Class'!$90:$102,7,0),"")
A75: 74 | G75: =IFERROR(VLOOKUP(C75,'Piping Class'!$90:$102,2,0),"") | AB75: =IFERROR(VLOOKUP(C75,'Piping Class'!$90:$102,7,0),"")
A76: 75 | G76: =IFERROR(VLOOKUP(C76,'Piping Class'!$90:$102,2,0),"") | AB76: =IFERROR(VLOOKUP(C76,'Piping Class'!$90:$102,7,0),"")
A77: 76 | G77: =IFERROR(VLOOKUP(C77,'Piping Class'!$90:$102,2,0),"") | AB77: =IFERROR(VLOOKUP(C77,'Piping Class'!$90:$102,7,0),"")
A78: 77 | G78: =IFERROR(VLOOKUP(C78,'Piping Class'!$90:$102,2,0),"") | AB78: =IFERROR(VLOOKUP(C78,'Piping Class'!$90:$102,7,0),"")
A79: 78 | G79: =IFERROR(VLOOKUP(C79,'Piping Class'!$90:$102,2,0),"") | AB79: =IFERROR(VLOOKUP(C79,'Piping Class'!$90:$102,7,0),"")
... A101: 100 | G101: =IFERROR(VLOOKUP(C101,'Piping Class'!$90:$102,2,0),"") | AB101: =IFERROR(VLOOKUP(C101,'Piping Class'!$90:$102,7,0),"")

Sheet Equipment Weight Calc
A1: EQUIPMENT WEIGHT CALCULATION | K1: Extraction
A2: ="POS."&K2&" "&VLOOKUP(K2,'Equip&Mach List'!$1:$1048576,2,0)&" "&VLOOKUP(K2,'Equip&Mach List'!$1:$1048576,3,0) -> POS.1 R-201 Deoxo reactor | I2: =IFERROR("Weight Calc./Selected = "&ROUND(B119,1)&"/"&B120&" kg - Øi ="&IF(B26=0,F26,B26)&" mm"&"T/T ="&IF(B28=0,F28,B28)&" mm - Material "&B13&" ","") -> Weight Calc./Selected = 2290,5/2300 kg - Øi =800 mmT/T =2100 mm - Material SA-240 Gr.316L | K2: 1
K3: Design Code | L3: =K2&"."&K3 -> 1.Design Code | M3: =A4&" "&B4 -> ASME VIII div.1
A4: ASME VIII | B4: div.1 | K4: Orientation | L4: =K2&"."&K4 -> 1.Orientation | M4: =B5 -> Vertical
A5: Vessel Orientation | B5: Vertical | K5: Design Temperature | L5: =K2&"."&K5 -> 1.Design Temperature | M5: =D8 -> 350
K6: Design Pressure | L6: =K2&"."&K6 -> 1.Design Pressure | M6: =D9 -> 18
A7: Design Data: | K7: Material | L7: =K2&"."&K7 -> 1.Material | M7: =B13 -> SA-240 Gr.316L
A8: Temperature | B8: 350 | C8: °C | D8: =IF(C8="°C",B8,0)+IF(C8="°F",(B8-32)*5/9,0) -> 350 | E8: °C | K8: Inside Diameter | L8: =K2&"."&K8 -> 1.Inside Diameter | M8: =IF(B26=0,F26,B26) -> 800
A9: Internal Pressure | B9: 18 | C9: barg | D9: =IF(C9="barg",B9,0)+IF(C9="psig",B9*List!$AV$4,0)+IF(C9="MPa",B9*List!$AV$5,0)+IF(C9="N/mm2",B9*List!$AV$6,0) -> 18 | E9: barg | K9: Tan / Tan | L9: =K2&"."&K9 -> 1.Tan / Tan | M9: =IF(B28=0,F28,B28) -> 2100
A10: External Pressure | B10: 0 | C10: barg | D10: =IF(C10="barg",B10,0)+IF(C10="psig",B10*List!$AV$4,0)+IF(C10="MPa",B10*List!$AV$5,0)+IF(C10="N/mm2",B10*List!$AV$6,0) -> 0 | E10: barg | K10: Thickness | L10: =K2&"."&K10 -> 1.Thickness | M10: =IF(B67=0,F71,B67) -> 12
K11: Unit Weight | L11: =K2&"."&K11 -> 1.Unit Weight | M11: =B120 -> 2300
A12: Material Selection: | B12: from plate | F12: from piping | K12: Unit External Surface | L12: =K2&"."&K12 -> 1.Unit External Surface | M12: =B116 -> 17.282932
A13: Shell | B13: SA-240 Gr.316L | K13: M1 DN | L13: =K2&"."&K13 -> 1.M1 DN | M13: =C134 -> 0
A14: Head | B14: SA-240 Gr.316L | K14: M1 Rating | L14: =K2&"."&K14 -> 1.M1 Rating | M14: =D134 -> 0
K15: M1 Type | L15: =K2&"."&K15 -> 1.M1 Type | M15: =E134 -> 0
A16: ASME VIII div.1 | K16: M1 Quantity | L16: =K2&"."&K16 -> 1.M1 Quantity | M16: =F134 -> 0
A17: Maximum Allowable Stress Shell | B17: =$D8*(VLOOKUP($B13,'ASME II Tab 1A'!$1:$1048576,MATCH($D8,'ASME II Tab 1A'!$6:$6,1)+1,0)-VLOOKUP($B13,'ASME II Tab 1A'!$1:$1048576,MATCH($D8,'ASME II Tab 1A'!$6:$6,1),0))/(INDEX('ASME II Tab 1A'!$6:$6,MATCH($D8,'ASME II Tab 1A'!$6:$6,1)+1)-INDEX('ASME II Tab 1A'!$6:$6,MATCH($D8,'ASME II Tab 1A'!$6:$6,1)))+VLOOKUP($B13,'ASME II Tab 1A'!$1:$1048576,MATCH($D8,'ASME II Tab 1A'!$6:$6,1)+1,0)-INDEX('ASME II Tab 1A'!$6:$6,MATCH($D8,'ASME II Tab 1A'!$6:$6,1)+1)*(VLOOKUP($B13,'ASME II Tab 1A'!$1:$1048576,MATCH($D8,'ASME II Tab 1A'!$6:$6,1)+1,0)-VLOOKUP($B13,'ASME II Tab 1A'!$1:$1048576,MATCH($D8,'ASME II Tab 1A'!$6:$6,1),0))/(INDEX('ASME II Tab 1A'!$6:$6,MATCH($D8,'ASME II Tab 1A'!$6:$6,1)+1)-INDEX('ASME II Tab 1A'!$6:$6,MATCH($D8,'ASME II Tab 1A'!$6:$6,1))) -> 94.1 | C17: N/mm2 | F17: =$D8*(VLOOKUP($F13,'ASME II Tab 1A'!$1:$1048576,MATCH($D8,'ASME II Tab 1A'!$6:$6,1)+1,0)-VLOOKUP($F13,'ASME II Tab 1A'!$1:$1048576,MATCH($D8,'ASME II Tab 1A'!$6:$6,1),0))/(INDEX('ASME II Tab 1A'!$6:$6,MATCH($D8,'ASME II Tab 1A'!$6:$6,1)+1)-INDEX('ASME II Tab 1A'!$6:$6,MATCH($D8,'ASME II Tab 1A'!$6:$6,1)))+VLOOKUP($F13,'ASME II Tab 1A'!$1:$1048576,MATCH($D8,'ASME II Tab 1A'!$6:$6,1)+1,0)-INDEX('ASME II Tab 1A'!$6:$6,MATCH($D8,'ASME II Tab 1A'!$6:$6,1)+1)*(VLOOKUP($F13,'ASME II Tab 1A'!$1:$1048576,MATCH($D8,'ASME II Tab 1A'!$6:$6,1)+1,0)-VLOOKUP($F13,'ASME II Tab 1A'!$1:$1048576,MATCH($D8,'ASME II Tab 1A'!$6:$6,1),0))/(INDEX('ASME II Tab 1A'!$6:$6,MATCH($D8,'ASME II Tab 1A'!$6:$6,1)+1)-INDEX('ASME II Tab 1A'!$6:$6,MATCH($D8,'ASME II Tab 1A'!$6:$6,1))) -> #N/A | G17: N/mm2 | K17: M2 DN | L17: =K2&"."&K17 -> 1.M2 DN | M17: =C135 -> 0
A18: Maximum Allowable Stress Head | B18: =$D8*(VLOOKUP($B14,'ASME II Tab 1A'!$1:$1048576,MATCH($D8,'ASME II Tab 1A'!$6:$6,1)+1,0)-VLOOKUP($B14,'ASME II Tab 1A'!$1:$1048576,MATCH($D8,'ASME II Tab 1A'!$6:$6,1),0))/(INDEX('ASME II Tab 1A'!$6:$6,MATCH($D8,'ASME II Tab 1A'!$6:$6,1)+1)-INDEX('ASME II Tab 1A'!$6:$6,MATCH($D8,'ASME II Tab 1A'!$6:$6,1)))+VLOOKUP($B14,'ASME II Tab 1A'!$1:$1048576,MATCH($D8,'ASME II Tab 1A'!$6:$6,1)+1,0)-INDEX('ASME II Tab 1A'!$6:$6,MATCH($D8,'ASME II Tab 1A'!$6:$6,1)+1)*(VLOOKUP($B14,'ASME II Tab 1A'!$1:$1048576,MATCH($D8,'ASME II Tab 1A'!$6:$6,1)+1,0)-VLOOKUP($B14,'ASME II Tab 1A'!$1:$1048576,MATCH($D8,'ASME II Tab 1A'!$6:$6,1),0))/(INDEX('ASME II Tab 1A'!$6:$6,MATCH($D8,'ASME II Tab 1A'!$6:$6,1)+1)-INDEX('ASME II Tab 1A'!$6:$6,MATCH($D8,'ASME II Tab 1A'!$6:$6,1))) -> 94.1 | C18: N/mm2 | F18: =$D8*(VLOOKUP($F14,'ASME II Tab 1A'!$1:$1048576,MATCH($D8,'ASME II Tab 1A'!$6:$6,1)+1,0)-VLOOKUP($F14,'ASME II Tab 1A'!$1:$1048576,MATCH($D8,'ASME II Tab 1A'!$6:$6,1),0))/(INDEX('ASME II Tab 1A'!$6:$6,MATCH($D8,'ASME II Tab 1A'!$6:$6,1)+1)-INDEX('ASME II Tab 1A'!$6:$6,MATCH($D8,'ASME II Tab 1A'!$6:$6,1)))+VLOOKUP($F14,'ASME II Tab 1A'!$1:$1048576,MATCH($D8,'ASME II Tab 1A'!$6:$6,1)+1,0)-INDEX('ASME II Tab 1A'!$6:$6,MATCH($D8,'ASME II Tab 1A'!$6:$6,1)+1)*(VLOOKUP($F14,'ASME II Tab 1A'!$1:$1048576,MATCH($D8,'ASME II Tab 1A'!$6:$6,1)+1,0)-VLOOKUP($F14,'ASME II Tab 1A'!$1:$1048576,MATCH($D8,'ASME II Tab 1A'!$6:$6,1),0))/(INDEX('ASME II Tab 1A'!$6:$6,MATCH($D8,'ASME II Tab 1A'!$6:$6,1)+1)-INDEX('ASME II Tab 1A'!$6:$6,MATCH($D8,'ASME II Tab 1A'!$6:$6,1))) -> #N/A | G18: N/mm2 | K18: M2 Rating | L18: =K2&"."&K18 -> 1.M2 Rating | M18: =D135 -> 0
A19: ASME VIII div.2 | K19: M2 Type | L19: =K2&"."&K19 -> 1.M2 Type | M19: =E135 -> 0
A20: Maximum Allowable Stress Shell | B20: =$D8*(VLOOKUP($B13,'ASME II Tab 5A'!$1:$1048576,MATCH($D8,'ASME II Tab 5A'!$5:$5,1)+1,0)-VLOOKUP($B13,'ASME II Tab 5A'!$1:$1048576,MATCH($D8,'ASME II Tab 5A'!$5:$5,1),0))/(INDEX('ASME II Tab 5A'!$5:$5,MATCH($D8,'ASME II Tab 5A'!$5:$5,1)+1)-INDEX('ASME II Tab 5A'!$5:$5,MATCH($D8,'ASME II Tab 5A'!$5:$5,1)))+VLOOKUP($B13,'ASME II Tab 5A'!$1:$1048576,MATCH($D8,'ASME II Tab 5A'!$5:$5,1)+1,0)-INDEX('ASME II Tab 5A'!$5:$5,MATCH($D8,'ASME II Tab 5A'!$5:$5,1)+1)*(VLOOKUP($B13,'ASME II Tab 5A'!$1:$1048576,MATCH($D8,'ASME II Tab 5A'!$5:$5,1)+1,0)-VLOOKUP($B13,'ASME II Tab 5A'!$1:$1048576,MATCH($D8,'ASME II Tab 5A'!$5:$5,1),0))/(INDEX('ASME II Tab 5A'!$5:$5,MATCH($D8,'ASME II Tab 5A'!$5:$5,1)+1)-INDEX('ASME II Tab 5A'!$5:$5,MATCH($D8,'ASME II Tab 5A'!$5:$5,1))) -> 94.3 | C20: N/mm2 | F20: =$D8*(VLOOKUP($F13,'ASME II Tab 5A'!$1:$1048576,MATCH($D8,'ASME II Tab 5A'!$5:$5,1)+1,0)-VLOOKUP($F13,'ASME II Tab 5A'!$1:$1048576,MATCH($D8,'ASME II Tab 5A'!$5:$5,1),0))/(INDEX('ASME II Tab 5A'!$5:$5,MATCH($D8,'ASME II Tab 5A'!$5:$5,1)+1)-INDEX('ASME II Tab 5A'!$5:$5,MATCH($D8,'ASME II Tab 5A'!$5:$5,1)))+VLOOKUP($F13,'ASME II Tab 5A'!$1:$1048576,MATCH($D8,'ASME II Tab 5A'!$5:$5,1)+1,0)-INDEX('ASME II Tab 5A'!$5:$5,MATCH($D8,'ASME II Tab 5A'!$5:$5,1)+1)*(VLOOKUP($F13,'ASME II Tab 5A'!$1:$1048576,MATCH($D8,'ASME II Tab 5A'!$5:$5,1)+1,0)-VLOOKUP($F13,'ASME II Tab 5A'!$1:$1048576,MATCH($D8,'ASME II Tab 5A'!$5:$5,1),0))/(INDEX('ASME II Tab 5A'!$5:$5,MATCH($D8,'ASME II Tab 5A'!$5:$5,1)+1)-INDEX('ASME II Tab 5A'!$5:$5,MATCH($D8,'ASME II Tab 5A'!$5:$5,1))) -> #N/A | G20: N/mm2 | K20: M2 Quantity | L20: =K2&"."&K20 -> 1.M2 Quantity | M20: =F135 -> 0
A21: Maximum Allowable Stress Head | B21: =$D8*(VLOOKUP($B14,'ASME II Tab 5A'!$1:$1048576,MATCH($D8,'ASME II Tab 5A'!$5:$5,1)+1,0)-VLOOKUP($B14,'ASME II Tab 5A'!$1:$1048576,MATCH($D8,'ASME II Tab 5A'!$5:$5,1),0))/(INDEX('ASME II Tab 5A'!$5:$5,MATCH($D8,'ASME II Tab 5A'!$5:$5,1)+1)-INDEX('ASME II Tab 5A'!$5:$5,MATCH($D8,'ASME II Tab 5A'!$5:$5,1)))+VLOOKUP($B14,'ASME II Tab 5A'!$1:$1048576,MATCH($D8,'ASME II Tab 5A'!$5:$5,1)+1,0)-INDEX('ASME II Tab 5A'!$5:$5,MATCH($D8,'ASME II Tab 5A'!$5:$5,1)+1)*(VLOOKUP($B14,'ASME II Tab 5A'!$1:$1048576,MATCH($D8,'ASME II Tab 5A'!$5:$5,1)+1,0)-VLOOKUP($B14,'ASME II Tab 5A'!$1:$1048576,MATCH($D8,'ASME II Tab 5A'!$5:$5,1),0))/(INDEX('ASME II Tab 5A'!$5:$5,MATCH($D8,'ASME II Tab 5A'!$5:$5,1)+1)-INDEX('ASME II Tab 5A'!$5:$5,MATCH($D8,'ASME II Tab 5A'!$5:$5,1))) -> 94.3 | C21: N/mm2 | F21: =$D8*(VLOOKUP($F14,'ASME II Tab 5A'!$1:$1048576,MATCH($D8,'ASME II Tab 5A'!$5:$5,1)+1,0)-VLOOKUP($F14,'ASME II Tab 5A'!$1:$1048576,MATCH($D8,'ASME II Tab 5A'!$5:$5,1),0))/(INDEX('ASME II Tab 5A'!$5:$5,MATCH($D8,'ASME II Tab 5A'!$5:$5,1)+1)-INDEX('ASME II Tab 5A'!$5:$5,MATCH($D8,'ASME II Tab 5A'!$5:$5,1)))+VLOOKUP($F14,'ASME II Tab 5A'!$1:$1048576,MATCH($D8,'ASME II Tab 5A'!$5:$5,1)+1,0)-INDEX('ASME II Tab 5A'!$5:$5,MATCH($D8,'ASME II Tab 5A'!$5:$5,1)+1)*(VLOOKUP($F14,'ASME II Tab 5A'!$1:$1048576,MATCH($D8,'ASME II Tab 5A'!$5:$5,1)+1,0)-VLOOKUP($F14,'ASME II Tab 5A'!$1:$1048576,MATCH($D8,'ASME II Tab 5A'!$5:$5,1),0))/(INDEX('ASME II Tab 5A'!$5:$5,MATCH($D8,'ASME II Tab 5A'!$5:$5,1)+1)-INDEX('ASME II Tab 5A'!$5:$5,MATCH($D8,'ASME II Tab 5A'!$5:$5,1))) -> #N/A | G21: N/mm2 | K21: M3 DN | L21: =K2&"."&K21 -> 1.M3 DN | M21: =C136 -> 0
K22: M3 Rating | L22: =K2&"."&K22 -> 1.M3 Rating | M22: =D136 -> 0
A23: Dimension: | K23: M3 Type | L23: =K2&"."&K23 -> 1.M3 Type | M23: =E136 -> 0
B24: SHELL 1 from plate | D24: SHELL 2 from plate | F24: SHELL 3 from piping | K24: M3 Quantity | L24: =K2&"."&K24 -> 1.M3 Quantity | M24: =F136 -> 0
A25: Nominal Diameter | F25: 8 | G25: inch | K25: Shell insulation thk 1 | L25: =K2&"."&K25 -> 1.Shell insulation thk 1 | M25: =B73 -> 100
A26: Shell Inside Diameter | B26: 800 | C26: mm | E26: mm | F26: =F27-2*F71 -> 202.74 | G26: mm | K26: Head insulation thk 1 | L26: =K2&"."&K26 -> 1.Head insulation thk 1 | M26: =B74 -> 100
A27: Shell Outside Diameter | B27: =B26+B67*2 -> 824 | C27: mm | D27: =D26+D67*2 -> 0 | E27: mm | F27: =IFERROR(VLOOKUP(F25,'Thickness Tab'!$1:$1048576,3,0),0) -> 219.1 | G27: mm | K27: Reducer insulation thk 1 | L27: =K2&"."&K27 -> 1.Reducer insulation thk 1 | M27: =B75 -> 100
A28: Tan / Tan | B28: 2100 | C28: mm | E28: mm | G28: mm | K28: Shell insulation area 1 | L28: =K2&"."&K28 -> 1.Shell insulation area 1 | M28: =B33 -> 6.752256
A29: Shell Unit Weight | B29: =(PI()*B28*(((B27/2)^2)-((B26/2)^2))*7860)/1000000000*1.05 -> 530.54019 | C29: kg | D29: =(PI()*D28*(((D27/2)^2)-((D26/2)^2))*7860)/1000000000*1.05 -> 0 | E29: kg | F29: =(PI()*F28*(((F27/2)^2)-((F26/2)^2))*7860)/1000000000*1.05 -> 0 | G29: kg | K29: Head insulation area 1 | L29: =K2&"."&K29 -> 1.Head insulation area 1 | M29: =B45 -> 1.7877402
A30: Shell Unit Volume | B30: =(PI()*((B26/2)^2)*B28)/1000000000 -> 1.0555751 | C30: m3 | D30: =(PI()*((D26/2)^2)*D28)/1000000000 -> 0 | E30: m3 | F30: =(PI()*((F26/2)^2)*F28)/1000000000 -> 0 | G30: m3 | K30: Reducer insulation area 1 | L30: =K2&"."&K30 -> 1.Reducer insulation area 1 | M30: =B58 -> 0
A31: Shell Unit External Surface | B31: =(B27*3.14*B28)/1000000 -> 5.433456 | C31: m2 | D31: =(D27*3.14*D28)/1000000 -> 0 | E31: m2 | F31: =(F27*3.14*F28)/1000000 -> 0 | G31: m2 | K31: Shell insulation thk 2 | L31: =K2&"."&K31 -> 1.Shell insulation thk 2 | M31: =D73 -> 0
A32: Shell Insulated Diameter | B32: =B27+2*B73 -> 1024 | C32: mm | D32: =D27+2*D73 -> 0 | E32: mm | F32: =F27+2*F73 -> 219.1 | G32: mm | K32: Head insulation thk 2 | L32: =K2&"."&K32 -> 1.Head insulation thk 2 | M32: =D74 -> 0
A33: Shell Unit Insulated Surface | B33: =(B32*3.14*B28)/1000000 -> 6.752256 | C33: m2 | D33: =(D32*3.14*D28)/1000000 -> 0 | E33: m2 | F33: =(F32*3.14*F28)/1000000 -> 0 | G33: m2 | K33: Reducer insulation thk 2 | L33: =K2&"."&K33 -> 1.Reducer insulation thk 2 | M33: =D75 -> 0
K34: Shell insulation area 2 | L34: =K2&"."&K34 -> 1.Shell insulation area 2 | M34: =D33 -> 0
B35: HEAD 1 | D35: HEAD 2 | F35: HEAD 3 from cap | K35: Head insulation area 2 | L35: =K2&"."&K35 -> 1.Head insulation area 2 | M35: =D45 -> 0
A36: Head Inside Diameter | B36: =B26 -> 800 | C36: mm | D36: =D26 -> 0 | E36: mm | F36: =F26 -> 202.74 | G36: mm | K36: Reducer insulation area 2 | L36: =K2&"."&K36 -> 1.Reducer insulation area 2 | M36: =D58 -> 0
A37: Head Outside Diameter | B37: =B36+2*B68 -> 824 | C37: mm | D37: =D36+2*D68 -> 0 | E37: mm | F37: =F36+2*F71 -> 219.1 | G37: mm | K37: Shell insulation thk 3 | L37: =K2&"."&K37 -> 1.Shell insulation thk 3 | M37: =F73 -> 0
A38: Head Height | B38: 300 | C38: mm | E38: mm | K38: Head insulation thk 3 | L38: =K2&"."&K38 -> 1.Head insulation thk 3 | M38: =F74 -> 0
A39: Heads Quantity | B39: 1 | K39: Reducer insulation thk 3 | L39: =K2&"."&K39 -> 1.Reducer insulation thk 3 | M39: =F75 -> 0
A40: Gap | B40: 0 | C40: mm | D40: 0 | E40: mm | F40: 0 | G40: mm | K40: Shell insulation area 3 | L40: =K2&"."&K40 -> 1.Shell insulation area 3 | M40: =F33 -> 0
A41: Head Unit Weight | B41: =((((POWER(((((B36+B69)*1.22)+(B40*2))/100),2)*PI())/4)*(B69/100))*7.86) -> 72.69849 | C41: kg | D41: =((((POWER(((((D36+D69)*1.22)+(D40*2))/100),2)*PI())/4)*(D69/100))*7.86) -> 0 | E41: kg | F41: =IFERROR(VLOOKUP(F25&"."&F70,'Fitting Chart'!$1:$1048576,5,0),0) -> 4.9895161 | G41: kg | K41: Head insulation area 3 | L41: =K2&"."&K41 -> 1.Head insulation area 3 | M41: =F44 -> 219.1
A42: Head Unit Volume | B42: =(((0.131*(B36^3)*10^-6)+((((B36/2)^2)*PI()*(((B36/4)+B68)-B68-(B36/4)))))+((PI()*((B36/2)^2)*B40))/1000000)/1000 -> 0.067072 | C42: m3 | D42: =(((0.131*(D36^3)*10^-6)+((((D36/2)^2)*PI()*(((D36/4)+D68)-D68-(D36/4)))))+((PI()*((D36/2)^2)*D40))/1000000)/1000 -> 0 | E42: m3 | F42: =(((0.131*(F36^3)*10^-6)+((((F36/2)^2)*PI()*(((F36/4)+F71)-F71-(F36/4)))))+((PI()*((F36/2)^2)*F40))/1000000)/1000 -> 0.0010916656 | G42: m3 | K42: Reducer insulation area 3 | L42: =K2&"."&K42 -> 1.Reducer insulation area 3 | M42: =F58 -> 0
A43: Head Unit External Surface | B43: =(((B37*B38*3.14)+(((B37/2)^2)*3.14))/1000000) -> 1.3092042 | C43: m2 | D43: =(((D37*D38*3.14)+(((D37/2)^2)*3.14))/1000000) -> 0 | E43: m2 | F43: =(((F37*F38*3.14)+(((F37/2)^2)*3.14))/1000000) -> 0.037683776 | G43: m2
A44: Head Insulated Diameter | B44: =B37+2*B74 -> 1024 | C44: mm | D44: =D37+2*D74 -> 0 | E44: mm | F44: =F37+2*F74 -> 219.1 | G44: mm
A45: Head Unit Insulated Surface | B45: =(((B44*B38*3.14)+(((B44/2)^2)*3.14))/1000000) -> 1.7877402 | C45: m2 | D45: =(((D44*D38*3.14)+(((D44/2)^2)*3.14))/1000000) -> 0 | E45: m2 | F45: =(((F44*F38*3.14)+(((F44/2)^2)*3.14))/1000000) -> 0.037683776 | G45: m2
B47: REDUCER 1 | D47: REDUCER 2 | F47: REDUCER 3
A48: Reducer Inside Max. Diameter | C48: mm | E48: mm | G48: mm
A49: Reducer Inside Min. Diameter | C49: mm | E49: mm | G49: mm
A50: Reducer Lenght | C50: mm | E50: mm | G50: mm
A51: Reducer Outside Max. Diameter | B51: =B48+2*B69 -> 24 | C51: mm | D51: =D48+2*D69 -> 0 | E51: mm | F51: =F48+2*F71 -> 16.36 | G51: mm
A52: Reducer Outside Min. Diameter | B52: =B49+2*B69 -> 24 | C52: mm | D52: =D49+2*D69 -> 0 | E52: mm | F52: =F49+2*F71 -> 16.36 | G52: mm
A53: Reducer Unit Weight | B53: =(((((1/3*PI()*B50))*((((B51/2)^2)+(((B51/2)*(B52/2)))+((B52/2)^2))))-(((1/3*PI()*B50))*((((B48/2)^2)+(((B48/2)*(B49/2)))+((B49/2)^2)))))*7.86)/1000000 -> 0 | C53: kg | D53: =(((((1/3*PI()*D50))*((((D51/2)^2)+(((D51/2)*(D52/2)))+((D52/2)^2))))-(((1/3*PI()*D50))*((((D48/2)^2)+(((D48/2)*(D49/2)))+((D49/2)^2)))))*7.86)/1000000 -> 0 | E53: kg | F53: =(((((1/3*PI()*F50))*((((F51/2)^2)+(((F51/2)*(F52/2)))+((F52/2)^2))))-(((1/3*PI()*F50))*((((F48/2)^2)+(((F48/2)*(F49/2)))+((F49/2)^2)))))*7.86)/1000000 -> 0 | G53: kg
A54: Reducer Unit Volume | B54: =((1/3*PI()*B50))*((((B48/2)^2)+(((B48/2)*(B49/2)))+((B49/2)^2)))/1000000000 -> 0 | C54: m3 | D54: =((1/3*PI()*D50))*((((D48/2)^2)+(((D48/2)*(D49/2)))+((D49/2)^2)))/1000000000 -> 0 | E54: m3 | F54: =((1/3*PI()*F50))*((((F48/2)^2)+(((F48/2)*(F49/2)))+((F49/2)^2)))/1000000000 -> 0 | G54: m3
A55: Reducer Unit External Surface | B55: =PI()*(B51+B52)/2*SQRT(B50^2+((B51-B52)/2)^2)/1000000 -> 0 | C55: m2 | D55: =PI()*(D51+D52)/2*SQRT(D50^2+((D51-D52)/2)^2)/1000000 -> 0 | E55: m2 | F55: =PI()*(F51+F52)/2*SQRT(F50^2+((F51-F52)/2)^2)/1000000 -> 0 | G55: m2
A56: Reducer Insulated Max. Diameter | B56: =B51+2*B75 -> 224 | C56: mm | D56: =D48+2*D75 -> 0 | E56: mm | F56: =F48+2*F75 -> 0 | G56: mm
A57: Reducer Insulated Min. Diameter | B57: =B52+2*B75 -> 224 | C57: mm | D57: =D49+2*D75 -> 0 | E57: mm | F57: =F49+2*F75 -> 0 | G57: mm
A58: Reducer Unit Insulated Surface | B58: =PI()*(B56+B57)/2*SQRT(B50^2+((B56-B57)/2)^2)/1000000 -> 0 | C58: m2 | D58: =PI()*(D56+D57)/2*SQRT(D50^2+((D56-D57)/2)^2)/1000000 -> 0 | E58: m2 | F58: =PI()*(F56+F57)/2*SQRT(F50^2+((F56-F57)/2)^2)/1000000 -> 0 | G58: m2
A60: Min Allowable Thickness (with C.A.) | B60: 12 | C60: mm | E60: mm | G60: mm
A61: Shell Thickness | B61: =((D9/10)*B26/2)/(IF(B4="div.1",B17,B20)-0.5*D9/10) -> 7.7253219 | C61: mm | D61: =((D9/10)*D26/2)/(IF(B4="div.1",B17,B20)-0.5*D9/10) -> 0 | E61: mm | F61: =((D9/10)*F26/2)/(IF(B4="div.1",F17,F20)-0.5*D9/10) -> #N/A | G61: mm
A62: 2:1 Elliptical Head Thickness | B62: =B36/2*(EXP(D9/(10*IF(B4="div.1",B18,B21)))-1) -> 7.7250841 | C62: mm | D62: =D36/2*(EXP(D9/(10*IF(B4="div.1",B18,B21)))-1) -> 0 | E62: mm | F62: =F36/2*(EXP(D9/(10*IF(B4="div.1",F18,F21)))-1) -> #N/A | G62: mm
A63: Reducer Thickness | B63: =B48/2*(EXP(D9/(10*IF(B4="div.1",B18,B21)))-1) -> 0 | C63: mm | D63: =D48/2*(EXP(D9/(10*IF(B4="div.1",B18,B21)))-1) -> 0 | E63: mm | F63: =F48/2*(EXP(D9/(10*IF(B4="div.1",F18,F21)))-1) -> #N/A | G63: mm
A64: Corrosion Allowance Shell/Cladding | B64: 0 | C64: mm | E64: mm | G64: mm
A65: Corrosion Allowance 2:1 Elliptical Head/Cladding | B65: 0 | C65: mm | E65: mm | G65: mm
A66: Corrosion Allowance Reducer/Cladding | B66: 0 | C66: mm | E66: mm | G66: mm
A67: Final Shell Thickness | B67: =IF((CEILING(B61,1)+B64)<B60,B60,CEILING(B61,1)+B64) -> 12 | C67: mm | D67: =IF((CEILING(D61,1)+D64)<D60,D60,CEILING(D61,1)+D64) -> 0 | E67: mm | F67: =IF((CEILING(F61,1)+F64)<F60,F60,CEILING(F61,1)+F64) -> #N/A | G67: mm
A68: Final 2:1 Elliptical Head Thickness | B68: =IF((CEILING(B62,1)+B65)<=B60,B60,CEILING(B62,1)+B65) -> 12 | C68: mm | D68: =IF((CEILING(D62,1)+D65)<=D60,D60,CEILING(D62,1)+D65) -> 0 | E68: mm | F68: =IF((CEILING(F62,1)+F65)<=F60,F60,CEILING(F62,1)+F65) -> #N/A | G68: mm
A69: Final Reducer Thickness | B69: =IF((CEILING(B63,1)+B66)<=B60,B60,CEILING(B63,1)+B66) -> 12 | C69: mm | D69: =IF((CEILING(D63,1)+D66)<=D60,D60,CEILING(D63,1)+D66) -> 0 | E69: mm | F69: =IF((CEILING(F63,1)+F66)<=F60,F60,CEILING(F63,1)+F66) -> #N/A | G69: mm
A70: Selected Piping Schedule | F70: STD
A71: Selected Piping Thickness | F71: =IFERROR(VLOOKUP(F25,'Thickness Tab'!$1:$1048576,MATCH(F70,'Thickness Tab'!$1:$1,0),0),0) -> 8.18 | G71: mm
A73: Shell Insulation Thickness | B73: 100 | C73: mm | D73: 0 | E73: mm | F73: 0 | G73: mm
A74: 2:1 Elliptical Head Insulation Thickness | B74: 100 | C74: mm | D74: 0 | E74: mm | F74: 0 | G74: mm
A75: Reducer Insulation Thickness | B75: 100 | C75: mm | D75: 0 | E75: mm | F75: 0 | G75: mm
A77: Skirt: | B77: =IF(B5="Horizontal","No Skirt","") | E77: Internal Plate:
A78: Skirt Thickness | B78: 8 | C78: mm | E78: Internal Plate Diameter | G78: mm
A79: Skirt Height | B79: 1250 | C79: mm | E79: Plate Thickness | G79: mm
A80: Skirt Plate Internal Diameter | B80: 800 | C80: mm | E80: Quantity
A81: Skirt Plate Outside Diameter | B81: 950 | C81: mm | E81: Unit Weight | F81: =(PI()*F78^2)/4*F79*(7800/1000000000) -> 0 | G81: kg
A82: Skirt Plate Thickness | B82: 6 | C82: mm
A84: Bundle:
A85: O.D. | C85: mm
A86: Thk. | C86: mm
A87: Bundle Lenght | B87: =B28 -> 2100 | C87: mm
A88: Bundle Type
A89: Tubes quantity | C89: cad
A90: Tube Lenght | B90: =IF(B88="Straight",B87,B87*2) -> 4200 | C90: mm
A91: External Surface | B91: =B85*PI()*B90/1000000*B89 -> 0 | C91: m2
A92: Steel density | B92: 7.86 | C92: g/cm3
A93: Linear Weight | B93: =PI()*B86*(B85-B86)*B92/1000 -> 0 | C93: kg/m
A94: Pipes weight | B94: =B93*B90*B89/1000 -> 0 | C94: kg
A96: Tubesheet
A97: Dia. | B97: =B26 -> 800 | C97: mm
A98: Thk. | B98: 15 | C98: mm
A99: Surface | B99: =B97^2*PI()/4/1000000 -> 0.50265482 | C99: m2
A100: Weight | B100: =B99*B98/1000*B92*2/1000 -> 0.00011852601 | C100: kg
A102: Total Weight | B102: =B94+B100*2 -> 0.00023705202 | C102: kg
A104: Weigths: | D104: Extrenal Surface: | G104: Insulated Surface:
A105: Shell | B105: =SUM(B29,D29,F29) -> 530.54019 | C105: kg | D105: Shell | E105: =SUM(B31,D31,F31) -> 5.433456 | F105: m2 | G105: Shell | H105: =SUM(B33,D33,F33) -> 6.752256 | I105: m2
A106: Heads | B106: =SUM(B39*B41,D39*D41,F39*F41) -> 72.69849 | C106: kg | D106: Heads | E106: =SUM(B39*B43,D39*D43,F39*F43) -> 1.3092042 | F106: m2 | G106: Heads | H106: =SUM(B39*B45,D39*D45,F39*F45) -> 1.7877402 | I106: m2
A107: Reducer | B107: =SUM(B53,D53,F53) -> 0 | C107: kg | D107: Reducer | E107: =SUM(B55,D55,F55) -> 0 | F107: m2 | G107: Reducer | H107: =SUM(B58,D58,F58) -> 0 | I107: m2
A108: Nozzles | B108: =SUMPRODUCT(F125:F136,H125:H136) -> 1376 | C108: kg | D108: Nozzles | E108: =SUMPRODUCT(F125:F136,I125:I136) -> 3.6863278 | F108: m2
...

Sheet Proposal Cost Report
A1: Cost Summary
A2: Pos. | B2: Cost type code | C2: Description | D2: U.M. | E2: Quanity | F2: Unit Cost | G2: Cost % | H2: Total Cost | I2: Note | K2: =List!$BJ$2 -> ENGINEERING | L2: =List!$BJ$3 -> EQUIPMENT | M2: =List!$BJ$4 -> PACKAGES | N2: =List!$BJ$5 -> MACHINERY | O2: =List!$BJ$6 -> MANUAL VALVES | P2: =List!$BJ$7 -> INSTRUMENTATION | Q2: =List!$BJ$8 -> ELECTRICA EQUIPMENT | R2: =List!$BJ$9 -> PIPE & FITTINGS | S2: =List!$BJ$10 -> STRUCTURES | T2: =List!$BJ$11 -> FABRICATION / ASSEMBLING /TESTS | U2: =List!$BJ$12 -> PACKING & SHIPMENT | V2: =List!$BJ$13 -> SITE ACTIVITIES | W2: =List!$BJ$14 -> SPARE PARTS | X2: =List!$BJ$15 -> OTHER COSTS | Y2: =List!$BJ$16 -> CONTINGENCY
F3: €/U.M. | G3: % | H3: €
A4: 1 | B4: STRUCTURES | C4: Skid Structures Supply | D4: kg | E4: =SUM('Module Fabrication Price List'!J4:J5,'Module Fabrication Price List'!J7:J13) -> 14343.807 | F4: =IFERROR(H4/E4,0) -> 4.0760616 | G4: =IFERROR(H4/$I$42,0) -> 0.048735985 | H4: =SUM('Module Fabrication Price List'!L4:L5,'Module Fabrication Price List'!L7:L13) -> 58466.241 | K4: =IF($B4=K$2,1,0) -> 0 | L4: =IF($B4=L$2,1,0) -> 0 | M4: =IF($B4=M$2,1,0) -> 0 | N4: =IF($B4=N$2,1,0) -> 0 | O4: =IF($B4=O$2,1,0) -> 0 | P4: =IF($B4=P$2,1,0) -> 0 | Q4: =IF($B4=Q$2,1,0) -> 0 | R4: =IF($B4=R$2,1,0) -> 0 | ... Y4: =IF($B4=Y$2,1,0) -> 0
A5: 2 | B5: STRUCTURES | C5: Aux. Structure Supply | D5: kg | E5: ='Module Fabrication Price List'!J6 -> 0 | F5: =IFERROR(H5/E5,0) -> 0 | G5: =IFERROR(H5/$I$42,0) -> 0 | H5: ='Module Fabrication Price List'!L6 -> 0 | K5: =IF($B5=K$2,1,0) -> 0 | L5: =IF($B5=L$2,1,0) -> 0 | M5: =IF($B5=M$2,1,0) -> 0 | N5: =IF($B5=N$2,1,0) -> 0 | O5: =IF($B5=O$2,1,0) -> 0 | P5: =IF($B5=P$2,1,0) -> 0 | Q5: =IF($B5=Q$2,1,0) -> 0 | R5: =IF($B5=R$2,1,0) -> 0 | ... Y5: =IF($B5=Y$2,1,0) -> 0
A6: 3 | B6: FABRICATION / ASSEMBLING /TESTS | C6: Skid Structures Fabrication | D6: kg | E6: =E4 -> 14343.807 | F6: =IFERROR(H6/E6,0) -> 3.8157839 | G6: =IFERROR(H6/$I$42,0) -> 0.045623939 | H6: =SUM('Module Fabrication Price List'!L15:L16,'Module Fabrication Price List'!L18:L24) -> 54732.868 | K6: =IF($B6=K$2,1,0) -> 0 | L6: =IF($B6=L$2,1,0) -> 0 | M6: =IF($B6=M$2,1,0) -> 0 | N6: =IF($B6=N$2,1,0) -> 0 | O6: =IF($B6=O$2,1,0) -> 0 | P6: =IF($B6=P$2,1,0) -> 0 | Q6: =IF($B6=Q$2,1,0) -> 0 | R6: =IF($B6=R$2,1,0) -> 0 | ... Y6: =IF($B6=Y$2,1,0) -> 0
A7: 4 | B7: FABRICATION / ASSEMBLING /TESTS | C7: Aux. Structure Fabrication | D7: kg | E7: =E5 -> 0 | F7: =IFERROR(H7/E7,0) -> 0 | G7: =IFERROR(H7/$I$42,0) -> 0 | H7: ='Module Fabrication Price List'!L17 -> 0 | K7: =IF($B7=K$2,1,0) -> 0 | L7: =IF($B7=L$2,1,0) -> 0 | M7: =IF($B7=M$2,1,0) -> 0 | N7: =IF($B7=N$2,1,0) -> 0 | O7: =IF($B7=O$2,1,0) -> 0 | P7: =IF($B7=P$2,1,0) -> 0 | Q7: =IF($B7=Q$2,1,0) -> 0 | R7: =IF($B7=R$2,1,0) -> 0 | ... Y7: =IF($B7=Y$2,1,0) -> 0
A8: 5 | B8: PIPE & FITTINGS | C8: Carbon Steel Piping Supply | D8: kg | E8: =SUMPRODUCT('Piping Material List'!$U$3:$U$96,'Piping Material List'!$DI$3:$DI$96) -> 495.66779 | F8: =IFERROR(H8/E8,0) -> 3 | G8: =IFERROR(H8/$I$42,0) -> 0.0012395285 | H8: =SUMPRODUCT('Piping Material List'!$W$3:$W$96,'Piping Material List'!$DI$3:$DI$96) -> 1487.0034 | K8: =IF($B8=K$2,1,0) -> 0 | L8: =IF($B8=L$2,1,0) -> 0 | M8: =IF($B8=M$2,1,0) -> 0 | N8: =IF($B8=N$2,1,0) -> 0 | O8: =IF($B8=O$2,1,0) -> 0 | P8: =IF($B8=P$2,1,0) -> 0 | Q8: =IF($B8=Q$2,1,0) -> 0 | R8: =IF($B8=R$2,1,0) -> 1 | ... Y8: =IF($B8=Y$2,1,0) -> 0
A9: 6 | B9: PIPE & FITTINGS | C9: Stainless Steel Piping Supply | D9: kg | E9: =SUMPRODUCT('Piping Material List'!$U$3:$U$96,'Piping Material List'!$DK$3:$DK$96) -> 2842.7054 | F9: =IFERROR(H9/E9,0) -> 15 | G9: =IFERROR(H9/$I$42,0) -> 0.035544113 | H9: =SUMPRODUCT('Piping Material List'!$W$3:$W$96,'Piping Material List'!$DK$3:$DK$96) -> 42640.581 | K9: =IF($B9=K$2,1,0) -> 0 | L9: =IF($B9=L$2,1,0) -> 0 | M9: =IF($B9=M$2,1,0) -> 0 | N9: =IF($B9=N$2,1,0) -> 0 | O9: =IF($B9=O$2,1,0) -> 0 | P9: =IF($B9=P$2,1,0) -> 0 | Q9: =IF($B9=Q$2,1,0) -> 0 | R9: =IF($B9=R$2,1,0) -> 1 | ... Y9: =IF($B9=Y$2,1,0) -> 0
A10: 7 | B10: PIPE & FITTINGS | C10: Duplex Stainless Steel Piping Supply | D10: kg | E10: =SUMPRODUCT('Piping Material List'!$U$3:$U$96,'Piping Material List'!$DL$3:$DL$96) -> 0 | F10: =IFERROR(H10/E10,0) -> 0 | G10: =IFERROR(#REF!/$I$42,0) -> 0 | H10: =SUMPRODUCT('Piping Material List'!$W$3:$W$96,'Piping Material List'!$DL$3:$DL$96) -> 0 | K10: =IF($B10=K$2,1,0) -> 0 | L10: =IF($B10=L$2,1,0) -> 0 | M10: =IF($B10=M$2,1,0) -> 0 | N10: =IF($B10=N$2,1,0) -> 0 | O10: =IF($B10=O$2,1,0) -> 0 | P10: =IF($B10=P$2,1,0) -> 0 | Q10: =IF($B10=Q$2,1,0) -> 0 | R10: =IF($B10=R$2,1,0) -> 1 | ... Y10: =IF($B10=Y$2,1,0) -> 0
A11: 8 | B11: PIPE & FITTINGS | C11: Incoloy 625/685 Piping Supply | D11: kg | E11: =SUMPRODUCT('Piping Material List'!$U$3:$U$96,'Piping Material List'!$DM$3:$DM$96) -> 0 | F11: =IFERROR(H11/E11,0) -> 0 | G11: =IFERROR(#REF!/$I$42,0) -> 0 | H11: =SUMPRODUCT('Piping Material List'!$W$3:$W$96,'Piping Material List'!$DM$3:$DM$96) -> 0 | K11: =IF($B11=K$2,1,0) -> 0 | L11: =IF($B11=L$2,1,0) -> 0 | M11: =IF($B11=M$2,1,0) -> 0 | N11: =IF($B11=N$2,1,0) -> 0 | O11: =IF($B11=O$2,1,0) -> 0 | P11: =IF($B11=P$2,1,0) -> 0 | Q11: =IF($B11=Q$2,1,0) -> 0 | R11: =IF($B11=R$2,1,0) -> 1 | ... Y11: =IF($B11=Y$2,1,0) -> 0
A12: 9 | B12: FABRICATION / ASSEMBLING /TESTS | C12: Carbon Steel Piping Fabrication | D12: d-inches | E12: =SUMPRODUCT('Piping Material List'!$AG$3:$AG$96,'Piping Material List'!$DI$3:$DI$96) -> 284.8 | F12: =IFERROR(H12/E12,0) -> 15 | G12: =IFERROR(H12/$I$42,0) -> 0.0035610315 | H12: ='Module Fabrication Price List'!$L$27 -> 4272 | K12: =IF($B12=K$2,1,0) -> 0 | L12: =IF($B12=L$2,1,0) -> 0 | M12: =IF($B12=M$2,1,0) -> 0 | N12: =IF($B12=N$2,1,0) -> 0 | O12: =IF($B12=O$2,1,0) -> 0 | P12: =IF($B12=P$2,1,0) -> 0 | Q12: =IF($B12=Q$2,1,0) -> 0 | R12: =IF($B12=R$2,1,0) -> 0 | ... Y12: =IF($B12=Y$2,1,0) -> 0
A13: 10 | B13: FABRICATION / ASSEMBLING /TESTS | C13: Stainless Steel Piping Fabrication | D13: d-inches | E13: =SUMPRODUCT('Piping Material List'!$AG$3:$AG$96,'Piping Material List'!$DK$3:$DK$96) -> 1372.8 | F13: =IFERROR(H13/E13,0) -> 20 | G13: =IFERROR(H13/$I$42,0) -> 0.022886629 | H13: ='Module Fabrication Price List'!$L$57 -> 27456 | K13: =IF($B13=K$2,1,0) -> 0 | L13: =IF($B13=L$2,1,0) -> 0 | M13: =IF($B13=M$2,1,0) -> 0 | N13: =IF($B13=N$2,1,0) -> 0 | O13: =IF($B13=O$2,1,0) -> 0 | P13: =IF($B13=P$2,1,0) -> 0 | Q13: =IF($B13=Q$2,1,0) -> 0 | R13: =IF($B13=R$2,1,0) -> 0 | ... Y13: =IF($B13=Y$2,1,0) -> 0
A14: 11 | B14: FABRICATION / ASSEMBLING /TESTS | C14: Duplex Stainless Steel Piping Fabrication | D14: d-inches | E14: =SUMPRODUCT('Piping Material List'!$AG$3:$AG$96,'Piping Material List'!$DL$3:$DL$96) -> 0 | F14: =IFERROR(H14/E14,0) -> 0 | G14: =IFERROR(H14/$I$42,0) -> 0 | H14: ='Module Fabrication Price List'!$L$87 -> 0 | K14: =IF($B14=K$2,1,0) -> 0 | L14: =IF($B14=L$2,1,0) -> 0 | M14: =IF($B14=M$2,1,0) -> 0 | N14: =IF($B14=N$2,1,0) -> 0 | O14: =IF($B14=O$2,1,0) -> 0 | P14: =IF($B14=P$2,1,0) -> 0 | Q14: =IF($B14=Q$2,1,0) -> 0 | R14: =IF($B14=R$2,1,0) -> 0 | ... Y14: =IF($B14=Y$2,1,0) -> 0
A15: 12 | B15: FABRICATION / ASSEMBLING /TESTS | C15: Incoloy 625/685 Piping Fabrication | D15: d-inches | E15: =SUMPRODUCT('Piping Material List'!$AG$3:$AG$96,'Piping Material List'!$DM$3:$DM$96) -> 0 | F15: =IFERROR(H15/E15,0) -> 0 | G15: =IFERROR(H15/$I$42,0) -> 0 | H15: ='Module Fabrication Price List'!$L$117 -> 0 | K15: =IF($B15=K$2,1,0) -> 0 | L15: =IF($B15=L$2,1,0) -> 0 | M15: =IF($B15=M$2,1,0) -> 0 | N15: =IF($B15=N$2,1,0) -> 0 | O15: =IF($B15=O$2,1,0) -> 0 | P15: =IF($B15=P$2,1,0) -> 0 | Q15: =IF($B15=Q$2,1,0) -> 0 | R15: =IF($B15=R$2,1,0) -> 0 | ... Y15: =IF($B15=Y$2,1,0) -> 0
A16: 13 | B16: FABRICATION / ASSEMBLING /TESTS | C16: NDE & Hydrotest & PWHT | D16: set | E16: 1 | F16: =IFERROR(H16/E16,0) -> 10379.56 | G16: =IFERROR(H16/$I$42,0) -> 0.0086521394 | H16: =SUM('Module Fabrication Price List'!$L$148,'Module Fabrication Price List'!$L$176,'Module Fabrication Price List'!$L$204,'Module Fabrication Price List'!$L$232,'Module Fabrication Price List'!$L$260,'Module Fabrication Price List'!$L$262,'Module Fabrication Price List'!$L$265,'Module Fabrication Price List'!$L$270) -> 10379.56 | K16: =IF($B16=K$2,1,0) -> 0 | L16: =IF($B16=L$2,1,0) -> 0 | M16: =IF($B16=M$2,1,0) -> 0 | N16: =IF($B16=N$2,1,0) -> 0 | O16: =IF($B16=O$2,1,0) -> 0 | P16: =IF($B16=P$2,1,0) -> 0 | Q16: =IF($B16=Q$2,1,0) -> 0 | R16: =IF($B16=R$2,1,0) -> 0 | ... Y16: =IF($B16=Y$2,1,0) -> 0
A17: 14 | B17: MANUAL VALVES | C17: Manual Valve Supply | D17: cad | E17: =SUM('Valve List'!AV3:AV99) -> 40 | F17: =IFERROR(H17/E17,0) -> 1578 | G17: =IFERROR(H17/$I$42,0) -> 0.052615241 | H17: =SUM('Valve List'!BA3:BA99) -> 63120 | K17: =IF($B17=K$2,1,0) -> 0 | L17: =IF($B17=L$2,1,0) -> 0 | M17: =IF($B17=M$2,1,0) -> 0 | N17: =IF($B17=N$2,1,0) -> 0 | O17: =IF($B17=O$2,1,0) -> 1 | P17: =IF($B17=P$2,1,0) -> 0 | Q17: =IF($B17=Q$2,1,0) -> 0 | R17: =IF($B17=R$2,1,0) -> 0 | ... Y17: =IF($B17=Y$2,1,0) -> 0
A18: 15 | B18: INSTRUMENTATION | C18: Instrumentation Supply | D18: set | E18: 1 | F18: =IFERROR(H18/E18,0) -> 296402.8 | G18: =IFERROR(H18/$I$42,0) -> 0.2470739 | H18: =SUM('Instrument List'!AG4:AG67) -> 296402.8 | K18: =IF($B18=K$2,1,0) -> 0 | L18: =IF($B18=L$2,1,0) -> 0 | M18: =IF($B18=M$2,1,0) -> 0 | N18: =IF($B18=N$2,1,0) -> 0 | O18: =IF($B18=O$2,1,0) -> 0 | P18: =IF($B18=P$2,1,0) -> 1 | Q18: =IF($B18=Q$2,1,0) -> 0 | R18: =IF($B18=R$2,1,0) -> 0 | ... Y18: =IF($B18=Y$2,1,0) -> 0
A19: 16 | B19: EQUIPMENT | C19: Equipment Supply | D19: set | E19: 1 | F19: =IFERROR(H19/E19,0) -> 325800 | G19: =IFERROR(H19/$I$42,0) -> 0.27157867 | H19: ='Equip&Mach List'!V1 -> 325800 | K19: =IF($B19=K$2,1,0) -> 0 | L19: =IF($B19=L$2,1,0) -> 1 | M19: =IF($B19=M$2,1,0) -> 0 | N19: =IF($B19=N$2,1,0) -> 0 | O19: =IF($B19=O$2,1,0) -> 0 | P19: =IF($B19=P$2,1,0) -> 0 | Q19: =IF($B19=Q$2,1,0) -> 0 | R19: =IF($B19=R$2,1,0) -> 0 | ... Y19: =IF($B19=Y$2,1,0) -> 0
A20: 17 | B20: MACHINERY | C20: Machinery Supply | D20: set | E20: 1 | F20: =IFERROR(H20/E20,0) -> 163000 | G20: =IFERROR(H20/$I$42,0) -> 0.13587269 | H20: ='Equip&Mach List'!V30 -> 163000 | K20: =IF($B20=K$2,1,0) -> 0 | L20: =IF($B20=L$2,1,0) -> 0 | M20: =IF($B20=M$2,1,0) -> 0 | N20: =IF($B20=N$2,1,0) -> 1 | O20: =IF($B20=O$2,1,0) -> 0 | P20: =IF($B20=P$2,1,0) -> 0 | Q20: =IF($B20=Q$2,1,0) -> 0 | R20: =IF($B20=R$2,1,0) -> 0 | ... Y20: =IF($B20=Y$2,1,0) -> 0
A21: 18 | B21: OTHER COSTS | C21: Accessiories | D21: set | E21: 1 | F21: =IFERROR(H21/E21,0) -> 3000 | G21: =IFERROR(H21/$I$42,0) -> 0.0025007244 | H21: ='Equip&Mach List'!AA5 -> 3000 | K21: =IF($B21=K$2,1,0) -> 0 | L21: =IF($B21=L$2,1,0) -> 0 | M21: =IF($B21=M$2,1,0) -> 0 | N21: =IF($B21=N$2,1,0) -> 0 | O21: =IF($B21=O$2,1,0) -> 0 | P21: =IF($B21=P$2,1,0) -> 0 | Q21: =IF($B21=Q$2,1,0) -> 0 | R21: =IF($B21=R$2,1,0) -> 0 | ... Y21: =IF($B21=Y$2,1,0) -> 0
A22: 19 | B22: FABRICATION / ASSEMBLING /TESTS | C22: Skid Structures Installation | D22: kg | E22: =E4 -> 14343.807 | F22: =IFERROR(H22/E22,0) -> 0.45080804 | G22: =IFERROR(H22/$I$42,0) -> 0.0053901477 | H22: ='Module Fabrication Price List'!L274 -> 6466.3036 | K22: =IF($B22=K$2,1,0) -> 0 | L22: =IF($B22=L$2,1,0) -> 0 | M22: =IF($B22=M$2,1,0) -> 0 | N22: =IF($B22=N$2,1,0) -> 0 | O22: =IF($B22=O$2,1,0) -> 0 | P22: =IF($B22=P$2,1,0) -> 0 | Q22: =IF($B22=Q$2,1,0) -> 0 | R22: =IF($B22=R$2,1,0) -> 0 | ... Y22: =IF($B22=Y$2,1,0) -> 0
A23: 20 | B23: FABRICATION / ASSEMBLING /TESTS | C23: Piping Installation | D23: kg | E23: =SUM('Module Fabrication Price List'!J281:J298) -> 3338.3732 | F23: =IFERROR(H23/E23,0) -> 0.5 | G23: =IFERROR(H23/$I$42,0) -> 0.0013913919 | H23: ='Module Fabrication Price List'!L280 -> 1669.1866 | K23: =IF($B23=K$2,1,0) -> 0 | L23: =IF($B23=L$2,1,0) -> 0 | M23: =IF($B23=M$2,1,0) -> 0 | N23: =IF($B23=N$2,1,0) -> 0 | O23: =IF($B23=O$2,1,0) -> 0 | P23: =IF($B23=P$2,1,0) -> 0 | Q23: =IF($B23=Q$2,1,0) -> 0 | R23: =IF($B23=R$2,1,0) -> 0 | ... Y23: =IF($B23=Y$2,1,0) -> 0
A24: 21 | B24: FABRICATION / ASSEMBLING /TESTS | C24: Valve Installation | D24: kg | E24: =SUM('Module Fabrication Price List'!J300:J317) -> 2089.5 | F24: =IFERROR(H24/E24,0) -> 0.53374013 | G24: =IFERROR(H24/$I$42,0) -> 0.00092964429 | H24: ='Module Fabrication Price List'!L299 -> 1115.25 | K24: =IF($B24=K$2,1,0) -> 0 | L24: =IF($B24=L$2,1,0) -> 0 | M24: =IF($B24=M$2,1,0) -> 0 | N24: =IF($B24=N$2,1,0) -> 0 | O24: =IF($B24=O$2,1,0) -> 0 | P24: =IF($B24=P$2,1,0) -> 0 | Q24: =IF($B24=Q$2,1,0) -> 0 | R24: =IF($B24=R$2,1,0) -> 0 | ... Y24: =IF($B24=Y$2,1,0) -> 0
A25: 22 | B25: FABRICATION / ASSEMBLING /TESTS | C25: Equipment Installation | D25: kg | E25: =SUM('Module Fabrication Price List'!J319:J338) -> 14450 | F25: =IFERROR(H25/E25,0) -> 0.9766436 | G25: =IFERROR(H25/$I$42,0) -> 0.011763824 | H25: ='Module Fabrication Price List'!L318 -> 14112.5 | K25: =IF($B25=K$2,1,0) -> 0 | L25: =IF($B25=L$2,1,0) -> 0 | M25: =IF($B25=M$2,1,0) -> 0 | N25: =IF($B25=N$2,1,0) -> 0 | O25: =IF($B25=O$2,1,0) -> 0 | P25: =IF($B25=P$2,1,0) -> 0 | Q25: =IF($B25=Q$2,1,0) -> 0 | R25: =IF($B25=R$2,1,0) -> 0 | ... Y25: =IF($B25=Y$2,1,0) -> 0
A26: 23 | B26: FABRICATION / ASSEMBLING /TESTS | C26: Machinery Installation | D26: kg | E26: =SUM('Module Fabrication Price List'!J340:J359) -> 3650 | F26: =IFERROR(H26/E26,0) -> 0.82876712 | G26: =IFERROR(H26/$I$42,0) -> 0.0025215637 | H26: ='Module Fabrication Price List'!L339 -> 3025 | K26: =IF($B26=K$2,1,0) -> 0 | L26: =IF($B26=L$2,1,0) -> 0 | M26: =IF($B26=M$2,1,0) -> 0 | N26: =IF($B26=N$2,1,0) -> 0 | O26: =IF($B26=O$2,1,0) -> 0 | P26: =IF($B26=P$2,1,0) -> 0 | Q26: =IF($B26=Q$2,1,0) -> 0 | R26: =IF($B26=R$2,1,0) -> 0 | ... Y26: =IF($B26=Y$2,1,0) -> 0
A27: 24 | B27: FABRICATION / ASSEMBLING /TESTS | C27: Assembling&Dismalting | D27: cad | E27: ='Module Fabrication Price List'!J362 -> 1 | F27: =IFERROR(H27/E27,0) -> 0 | G27: =IFERROR(H27/$I$42,0) -> 0 | H27: ='Module Fabrication Price List'!L361 -> 0 | K27: =IF($B27=K$2,1,0) -> 0 | L27: =IF($B27=L$2,1,0) -> 0 | M27: =IF($B27=M$2,1,0) -> 0 | N27: =IF($B27=N$2,1,0) -> 0 | O27: =IF($B27=O$2,1,0) -> 0 | P27: =IF($B27=P$2,1,0) -> 0 | Q27: =IF($B27=Q$2,1,0) -> 0 | R27: =IF($B27=R$2,1,0) -> 0 | ... Y27: =IF($B27=Y$2,1,0) -> 0
A28: 25 | B28: PACKING & SHIPMENT | C28: Packing | D28: m3 | E28: =SUM('Module Fabrication Price List'!J365:J439) -> 245.8 | F28: =IFERROR(H28/E28,0) -> 49.796583 | G28: =IFERROR(H28/$I$42,0) -> 0.010202955 | H28: ='Module Fabrication Price List'!L363 -> 12240 | K28: =IF($B28=K$2,1,0) -> 0 | L28: =IF($B28=L$2,1,0) -> 0 | M28: =IF($B28=M$2,1,0) -> 0 | N28: =IF($B28=N$2,1,0) -> 0 | O28: =IF($B28=O$2,1,0) -> 0 | P28: =IF($B28=P$2,1,0) -> 0 | Q28: =IF($B28=Q$2,1,0) -> 0 | R28: =IF($B28=R$2,1,0) -> 0 | ... Y28: =IF($B28=Y$2,1,0) -> 0
A29: 26 | B29: FABRICATION / ASSEMBLING /TESTS | C29: Collaudo | D29: set | E29: 1 | F29: 1500 | G29: =IFERROR(H29/$I$42,0) -> 0.0012503622 | H29: =F29*E29 -> 1500 | K29: =IF($B29=K$2,1,0) -> 0 | L29: =IF($B29=L$2,1,0) -> 0 | M29: =IF($B29=M$2,1,0) -> 0 | N29: =IF($B29=N$2,1,0) -> 0 | O29: =IF($B29=O$2,1,0) -> 0 | P29: =IF($B29=P$2,1,0) -> 0 | Q29: =IF($B29=Q$2,1,0) -> 0 | R29: =IF($B29=R$2,1,0) -> 0 | ... Y29: =IF($B29=Y$2,1,0) -> 0
A30: 27 | B30: FABRICATION / ASSEMBLING /TESTS | C30: Instrument assembly | D30: h | E30: =SUM('Instrument List'!$AC:$AC) -> 272.5 | F30: 30 | G30: =IFERROR(H30/$I$42,0) -> 0.0068144739 | H30: =F30*E30 -> 8175 | I30: ESTERNI | K30: =IF($B30=K$2,1,0) -> 0 | L30: =IF($B30=L$2,1,0) -> 0 | M30: =IF($B30=M$2,1,0) -> 0 | N30: =IF($B30=N$2,1,0) -> 0 | O30: =IF($B30=O$2,1,0) -> 0 | P30: =IF($B30=P$2,1,0) -> 0 | Q30: =IF($B30=Q$2,1,0) -> 0 | R30: =IF($B30=R$2,1,0) -> 0 | ... Y30: =IF($B30=Y$2,1,0) -> 0
A31: 28 | B31: FABRICATION / ASSEMBLING /TESTS | C31: Painting | D31: m2 | E31: ='Proposal Quantity Report'!$B$40 -> 567.33573 | F31: =IFERROR(H31/E31,0) -> 43.757348 | G31: =IFERROR(H31/$I$42,0) -> 0.020693583 | H31: ='Proposal Quantity Report'!$I$40 -> 24825.107 | I31: STD | K31: =IF($B31=K$2,1,0) -> 0 | L31: =IF($B31=L$2,1,0) -> 0 | M31: =IF($B31=M$2,1,0) -> 0 | N31: =IF($B31=N$2,1,0) -> 0 | O31: =IF($B31=O$2,1,0) -> 0 | P31: =IF($B31=P$2,1,0) -> 0 | Q31: =IF($B31=Q$2,1,0) -> 0 | R31: =IF($B31=R$2,1,0) -> 0 | ... Y31: =IF($B31=Y$2,1,0) -> 0
A32: 29 | B32: FABRICATION / ASSEMBLING /TESTS | C32: Insultation | D32: m2 | F32: 16267 | G32: =IFERROR(H32/$I$42,0) -> 0.013559761 | H32: 16267 | K32: =IF($B32=K$2,1,0) -> 0 | L32: =IF($B32=L$2,1,0) -> 0 | M32: =IF($B32=M$2,1,0) -> 0 | N32: =IF($B32=N$2,1,0) -> 0 | O32: =IF($B32=O$2,1,0) -> 0 | P32: =IF($B32=P$2,1,0) -> 0 | Q32: =IF($B32=Q$2,1,0) -> 0 | R32: =IF($B32=R$2,1,0) -> 0 | ... Y32: =IF($B32=Y$2,1,0) -> 0
C33: Trasporti Interni | D33: set | E33: 1 | F33: 3000 | G33: =IFERROR(H33/$I$42,0) -> 0.0025007244 | H33: =F33*E33 -> 3000
A34: 30 | B34: ENGINEERING | C34: ENGINEERING ESTERNA | D34: set | E34: 1 | F34: 25000 | G34: =IFERROR(H34/$I$42,0) -> 0.02083937 | H34: =F34*E34 -> 25000 | I34: COSTO ING. DIVISO PER DUE UNITA' | K34: =IF($B34=K$2,1,0) -> 1 | L34: =IF($B34=L$2,1,0) -> 0 | M34: =IF($B34=M$2,1,0) -> 0 | N34: =IF($B34=N$2,1,0) -> 0 | O34: =IF($B34=O$2,1,0) -> 0 | P34: =IF($B34=P$2,1,0) -> 0 | Q34: =IF($B34=Q$2,1,0) -> 0 | R34: =IF($B34=R$2,1,0) -> 0 | ... Y34: =IF($B34=Y$2,1,0) -> 0
A35: 31 | B35: OTHER COSTS | C35: Catalizzatore DEOXO | D35: set | E35: 1 | G35: =IFERROR(H35/$I$42,0) -> 0 | H35: =F35*E35 -> 0 | K35: =IF($B35=K$2,1,0) -> 0 | L35: =IF($B35=L$2,1,0) -> 0 | M35: =IF($B35=M$2,1,0) -> 0 | N35: =IF($B35=N$2,1,0) -> 0 | O35: =IF($B35=O$2,1,0) -> 0 | P35: =IF($B35=P$2,1,0) -> 0 | Q35: =IF($B35=Q$2,1,0) -> 0 | R35: =IF($B35=R$2,1,0) -> 0 | ... Y35: =IF($B35=Y$2,1,0) -> 0
A36: 32 | B36: OTHER COSTS | C36: Setacci Molecolari Dryer | D36: set | E36: 6 | G36: =IFERROR(H36/$I$42,0) -> 0 | H36: =F36*E36 -> 0 | I36: DUE CARICHE SETACCIO 5 ANNI GARANZIA | K36: =IF($B36=K$2,1,0) -> 0 | L36: =IF($B36=L$2,1,0) -> 0 | M36: =IF($B36=M$2,1,0) -> 0 | N36: =IF($B36=N$2,1,0) -> 0 | O36: =IF($B36=O$2,1,0) -> 0 | P36: =IF($B36=P$2,1,0) -> 0 | Q36: =IF($B36=Q$2,1,0) -> 0 | R36: =IF($B36=R$2,1,0) -> 0 | ... Y36: =IF($B36=Y$2,1,0) -> 0
A37: 34 | G37: =IFERROR(H37/$I$42,0) -> 0 | H37: =F37*E37 -> 0 | I37: COSTO ING. DIVISO PER DUE UNITA' | K37: =IF($B37=K$2,1,0) -> 0 | L37: =IF($B37=L$2,1,0) -> 0 | M37: =IF($B37=M$2,1,0) -> 0 | N37: =IF($B37=N$2,1,0) -> 0 | O37: =IF($B37=O$2,1,0) -> 0 | P37: =IF($B37=P$2,1,0) -> 0 | Q37: =IF($B37=Q$2,1,0) -> 0 | R37: =IF($B37=R$2,1,0) -> 0 | ... Y37: =IF($B37=Y$2,1,0) -> 0
A38: 35 | B38: ENGINEERING | C38: ENGINEERING INTERNA | D38: h | E38: 600 | F38: 40 | G38: =IFERROR(H38/$I$42,0) -> 0.020005795 | H38: =E38*F38 -> 24000 | I38: COSTO ING. DIVISO PER DUE UNITA' | K38: =IF($B38=K$2,1,0) -> 1 | L38: =IF($B38=L$2,1,0) -> 0 | M38: =IF($B38=M$2,1,0) -> 0 | N38: =IF($B38=N$2,1,0) -> 0 | O38: =IF($B38=O$2,1,0) -> 0 | P38: =IF($B38=P$2,1,0) -> 0 | Q38: =IF($B38=Q$2,1,0) -> 0 | R38: =IF($B38=R$2,1,0) -> 0 | ... Y38: =IF($B38=Y$2,1,0) -> 0
A39: 36 | B39: ENGINEERING | C39: QUALITA | D39: h | E39: 50 | F39: 45 | G39: =IFERROR(H39/$I$42,0) -> 0.0018755433 | H39: =E39*F39 -> 2250 | I39: COSTO ING. DIVISO PER DUE UNITA' | K39: =IF($B39=K$2,1,0) -> 1 | L39: =IF($B39=L$2,1,0) -> 0 | M39: =IF($B39=M$2,1,0) -> 0 | N39: =IF($B39=N$2,1,0) -> 0 | O39: =IF($B39=O$2,1,0) -> 0 | P39: =IF($B39=P$2,1,0) -> 0 | Q39: =IF($B39=Q$2,1,0) -> 0 | R39: =IF($B39=R$2,1,0) -> 0 | ... Y39: =IF($B39=Y$2,1,0) -> 0
A40: 37 | B40: ENGINEERING | C40: ACQUISTI | D40: h | E40: 50 | F40: 45 | G40: =IFERROR(H40/$I$42,0) -> 0.0018755433 | H40: =E40*F40 -> 2250 | I40: COSTO ING. DIVISO PER DUE UNITA' | K40: =IF($B40=K$2,1,0) -> 1 | L40: =IF($B40=L$2,1,0) -> 0 | M40: =IF($B40=M$2,1,0) -> 0 | N40: =IF($B40=N$2,1,0) -> 0 | O40: =IF($B40=O$2,1,0) -> 0 | P40: =IF($B40=P$2,1,0) -> 0 | Q40: =IF($B40=Q$2,1,0) -> 0 | R40: =IF($B40=R$2,1,0) -> 0 | ... Y40: =IF($B40=Y$2,1,0) -> 0
A41: 38 | B41: ENGINEERING | C41: CERTIFICAZIONI | D41: set | E41: 1 | F41: 3000 | G41: =IFERROR(H41/$I$42,0) -> 0.0025007244 | H41: =F41*E41 -> 3000 | I41: ATEX / PED | K41: =IF($B41=K$2,1,0) -> 1 | L41: =IF($B41=L$2,1,0) -> 0 | M41: =IF($B41=M$2,1,0) -> 0 | N41: =IF($B41=N$2,1,0) -> 0 | O41: =IF($B41=O$2,1,0) -> 0 | P41: =IF($B41=P$2,1,0) -> 0 | Q41: =IF($B41=Q$2,1,0) -> 0 | R41: =IF($B41=R$2,1,0) -> 0 | ... Y41: =IF($B41=Y$2,1,0) -> 0
A42: TOTAL COST | I42: =SUM($H$4:$H$41) -> 1199652.4
A77: Cost Summary by category
A78: Pos. | B78: Cost type code | G78: Cost % | H78: Total Cost | I78: Note
G79: % | H79: €
A80: 1 | B80: =List!$BJ$2 -> ENGINEERING | G80: =H80/$I$95 -> 0.047215048 | H80: =SUMPRODUCT($H$4:$H$41,K$4:K$41) -> 56500
A81: 2 | B81: =List!$BJ$3 -> EQUIPMENT | G81: =H81/$I$95 -> 0.27225951 | H81: =SUMPRODUCT($H$4:$H$41,L$4:L$41) -> 325800
A82: 3 | B82: =List!$BJ$4 -> PACKAGES | G82: =H82/$I$95 -> 0 | H82: =SUMPRODUCT($H$4:$H$41,M$4:M$41) -> 0
A83: 4 | B83: =List!$BJ$5 -> MACHINERY | G83: =H83/$I$95 -> 0.13621332 | H83: =SUMPRODUCT($H$4:$H$41,N$4:N$41) -> 163000
A84: 5 | B84: =List!$BJ$6 -> MANUAL VALVES | G84: =H84/$I$95 -> 0.052747147 | H84: =SUMPRODUCT($H$4:$H$41,O$4:O$41) -> 63120
A85: 6 | B85: =List!$BJ$7 -> INSTRUMENTATION | G85: =H85/$I$95 -> 0.24769331 | H85: =SUMPRODUCT($H$4:$H$41,P$4:P$41) -> 296402.8
A86: 7 | B86: =List!$BJ$8 -> ELECTRICA EQUIPMENT | G86: =H86/$I$95 -> 0 | H86: =SUMPRODUCT($H$4:$H$41,Q$4:Q$41) -> 0
A87: 8 | B87: =List!$BJ$9 -> PIPE & FITTINGS | G87: =H87/$I$95 -> 0.036875858 | H87: =SUMPRODUCT($H$4:$H$41,R$4:R$41) -> 44127.584
A88: 9 | B88: =List!$BJ$10 -> STRUCTURES | G88: =H88/$I$95 -> 0.048858166 | H88: =SUMPRODUCT($H$4:$H$41,S$4:S$41) -> 58466.241
A89: 10 | B89: =List!$BJ$11 -> FABRICATION / ASSEMBLING /TESTS | G89: =H89/$I$95 -> 0.1454021 | H89: =SUMPRODUCT($H$4:$H$41,T$4:T$41) -> 173995.78
A90: 11 | B90: =List!$BJ$12 -> PACKING & SHIPMENT | G90: =H90/$I$95 -> 0.010228534 | H90: =SUMPRODUCT($H$4:$H$41,U$4:U$41) -> 12240
A91: 12 | B91: =List!$BJ$13 -> SITE ACTIVITIES | G91: =H91/$I$95 -> 0 | H91: =SUMPRODUCT($H$4:$H$41,V$4:V$41) -> 0
A92: 13 | B92: =List!$BJ$14 -> SPARE PARTS | G92: =H92/$I$95 -> 0 | H92: =SUMPRODUCT($H$4:$H$41,W$4:W$41) -> 0
A93: 14 | B93: =List!$BJ$15 -> OTHER COSTS | G93: =H93/$I$95 -> 0.0025069937 | H93: =SUMPRODUCT($H$4:$H$41,X$4:X$41) -> 3000
A94: 15 | B94: =List!$BJ$16 -> CONTINGENCY | G94: =H94/$I$95 -> 0 | H94: =SUMPRODUCT($H$4:$H$41,Y$4:Y$41) -> 0
A95: TOTAL COST | I95: =SUM($H$80:$H$94) -> 1196652.4

Sheet Cost Type
A1: PROG | B1: CAT1 | C1: CAT1_DESC | D1: CAT2 | E1: ARTICOLI (IT) | F1: ARTICOLI (EN) | G1: COST TYPE
A2: MA100 | B2: MA | C2: ENGINEERING | D2: Mechanical Vessel / Heater Eng. | E2: Progettazione vessel | F2: Vessel Engineering
A3: MA200 | B3: MA | C3: ENGINEERING | D3: Mechanical Eng. | E3: Progettazione piping Progettazione componenti meccanici Stress Analysis | F3: Piping Engineering Mechanical Components Engineering Stress Analysis
A4: MA300 | B4: MA | C4: ENGINEERING | D4: Elect./Instr. Eng. | E4: Progettazione elettro-strumentale Classificazione aree pericolose | F4: Instruments and Electrical Components Engineering Hazardous Area Classification
A5: MA400 | B5: MA | C5: ENGINEERING | D5: Process & Termal Calculation | E5: Ingegneria di base Ingegneria di processo | F5: Basic Engineering Process Engineering
A6: MA500 | B6: MA | C6: ENGINEERING | D6: Civil Engineering | E6: Progettazione Opere Civili
A7: MA600 | B7: MA | C7: ENGINEERING | D7: Project Manager | E7: PM
A8: MA610 | B8: MA | C8: ENGINEERING | D8: Project Engineering | E8: PE
A9: MA620 | B9: MA | C9: ENGINEERING | D9: Buyer | E9: Acquisti
A10: MA630 | B10: MA | C10: ENGINEERING | D10: Quality Control | E10: Qualità
A11: MA640 | B11: MA | C11: ENGINEERING | D11: Expediting
A12: MB110 | B12: MB | C12: EQUIPMENT | D12: Tanks | E12: Serbatoio accumulo condensa Serbatoio di accumulo circuito acqua Vaso di espansione circuito acqua | F12: Condensate tank Water tank Expansion tank
A13: MB111 | B13: MB | C13: EQUIPMENT | D13: Inlet Scrubber | E13: For proces Packages | F13: For proces Packages
A14: MB112 | B14: MB | C14: EQUIPMENT | D14: Outlet Scrubber | E14: For proces Packages | F14: For proces Packages
A15: MB113 | B15: MB | C15: EQUIPMENT | D15: Flash Drum | E15: For proces Packages | F15: For proces Packages
A16: MB114 | B16: MB | C16: EQUIPMENT | D16: Glycol Reboiler | E16: For proces Packages | F16: For proces Packages
A17: MB115 | B17: MB | C17: EQUIPMENT | D17: OVHD Vapours KO Drum | E17: For proces Packages | F17: For proces Packages
A18: MB116 | B18: MB | C18: EQUIPMENT | D18: Surge Drum | E18: For proces Packages | F18: For proces Packages
A19: MB120 | B19: MB | C19: EQUIPMENT | D19: Columns
A20: MB121 | B20: MB | C20: EQUIPMENT | D20: Dehydration Column | E20: For proces Packages | F20: For proces Packages
A21: MB122 | B21: MB | C21: EQUIPMENT | D21: Still Column | E21: For proces Packages | F21: For proces Packages
A22: MB123 | B22: MB | C22: EQUIPMENT | D22: Stripping Column | E22: For proces Packages | F22: For proces Packages
A23: MB130 | B23: MB | C23: EQUIPMENT | D23: Separators | F23: KO Drum Scrubber (Vane, cyclones, meshpad, …)
A24: MB140 | B24: MB | C24: EQUIPMENT | D24: Filter separators | E24: Filtri Separatori a cartuccia + Vane Filtri separatori a cicloni+cartuccia Filtri Separatori a cartuccia | F24: Cartridge + Vane Filter Separator Cyclones + Cartridge Filter Separator Cartridge Filter Separator
A25: MB150 | B25: MB | C25: EQUIPMENT | D25: Filters | E25: Filtro a cartuccie standard HFA / HF Filtri a cestello Filtri temporanei | F25: Standard cartridge filter HFA / HF Basket Filter Temporary Filter
A26: MB151 | B26: MB | C26: EQUIPMENT | D26: Glycol Filters | E26: For proces Packages | F26: For proces Packages
A27: MB152 | B27: MB | C27: EQUIPMENT | D27: Carbon Filters | E27: For proces Packages | F27: For proces Packages
A28: MB160 | B28: MB | C28: EQUIPMENT | D28: Pig Traps | E28: Trappole di lancio | F28: Pig launcher/receivers
A29: MB210 | B29: MB | C29: EQUIPMENT | D29: Shell & Tube Heat Exchanger | E29: Scambiatore a fascio tubiero standard KSI Scambiatore a fascio tubiero | F29: Tube Bundle heat exchanger KSI Tube Bundle heat exchanger
A30: MB211 | B30: MB | C30: EQUIPMENT | D30: Lean / Rich Heat Exchanger | E30: For proces Packages | F30: For proces Packages
A31: MB212 | B31: MB | C31: EQUIPMENT | D31: Reflux Condenser | E31: For proces Packages | F31: For proces Packages
A32: MB213 | B32: MB | C32: EQUIPMENT | D32: S&T OVHD Vapours Condenser | E32: For proces Packages | F32: For proces Packages
A33: MB214 | B33: MB | C33: EQUIPMENT | D33: S&T Lean Glycol Cooler | E33: For proces Packages | F33: For proces Packages
A34: MB220 | B34: MB | C34: EQUIPMENT | D34: Air Cooler
A35: MB221 | B35: MB | C35: EQUIPMENT | D35: Air Lean Glycol Cooler | E35: For proces Packages | F35: For proces Packages
A36: MB222 | B36: MB | C36: EQUIPMENT | D36: Air OVHD Vapours Condenser | E36: For proces Packages | F36: For proces Packages
A37: MB230 | B37: MB | C37: EQUIPMENT | D37: Plate Heat Exchanger
A38: MB310 | B38: MB | C38: EQUIPMENT | D38: Direct Heater
A39: MB320 | B39: MB | C39: EQUIPMENT | D39: Indirect Heater | E39: WBH Camino per WBH | F39: Wather Bath Heater Chimney
A40: MB330 | B40: MB | C40: EQUIPMENT | D40: Coil For Indirect Heater | E40: Serpentina per scambiatori indiretti | F40: Coil For Indirect Heater
A41: MB335 | B41: MB | C41: EQUIPMENT | D41: Tube bundle | E41: Fascio tubiero | F41: Tube Bundle
A42: MB410 | B42: MB | C42: EQUIPMENT | D42: Direct electric heaters
A43: MB420 | B43: MB | C43: EQUIPMENT | D43: Indirect electric heaters | E43: Scambiatore elettrico a bagno acqua/olio | F43: Electrical Oil/Water bath heater
A44: MB600 | B44: MB | C44: EQUIPMENT | D44: Quick opening closures | E44: Chiusura rapida | F44: Quick opening closures
A45: MB710 | B45: MB | C45: EQUIPMENT | D45: Trays
A46: MB720 | B46: MB | C46: EQUIPMENT | D46: Demisters
A47: MB730 | B47: MB | C47: EQUIPMENT | D47: Vanes
A48: MB731 | B48: MB | C48: EQUIPMENT | D48: Vane for Inlet Scrubber | E48: For proces Packages | F48: For proces Packages
A49: MB732 | B49: MB | C49: EQUIPMENT | D49: Vane for Dehydration Column | E49: For proces Packages | F49: For proces Packages
A50: MB740 | B50: MB | C50: EQUIPMENT | D50: Cartridges | E50: Cartucce filtranti | F50: Cartridges
A51: MB750 | B51: MB | C51: EQUIPMENT | D51: Cyclones | E51: Pacco cicloni | F51: Cyclones
A52: MB760 | B52: MB | C52: EQUIPMENT | D52: Process packing/beds
A53: MB770 | B53: MB | C53: EQUIPMENT | D53: Membranes
A54: MB780 | B54: MB | C54: EQUIPMENT | D54: Internal distributors and supports
A55: MB781 | B55: MB | C55: EQUIPMENT | D55: Inlet Gas Distributor for Inlet Scubber | E55: For proces Packages | F55: For proces Packages
A56: MB782 | B56: MB | C56: EQUIPMENT | D56: Inlet Gas Distributor for Outlet Scubber | E56: For proces Packages | F56: For proces Packages
A57: MB783 | B57: MB | C57: EQUIPMENT | D57: Inlet Gas Distributor for Dehydration Column | E57: For proces Packages | F57: For proces Packages
A58: MB784 | B58: MB | C58: EQUIPMENT | D58: Inlet Glycol Distributor for Dehydration Column | E58: For proces Packages | F58: For proces Packages
A59: MB785 | B59: MB | C59: EQUIPMENT | D59: Inlet Glycol Distributor for Still Column | E59: For proces Packages | F59: For proces Packages
A60: MB790 | B60: MB | C60: EQUIPMENT | D60: Refractory | E60: Refrattario
A61: MB810 | B61: MB | C61: EQUIPMENT | D61: Flare
A62: MB820 | B62: MB | C62: EQUIPMENT | D62: Cold Vent Stack | E62: Terminali di sfiato Arrestatori di fiamma | F62: Vents Flame arrestor
A63: MC200 | B63: MC | C63: PACKAGES | D63: Boilers | E63: Caldaia Camino per caldaia | F63: Boiler Chimney
A64: MC300 | B64: MC | C64: PACKAGES | D64: Burners | E64: Bruciatore | F64: Burner
A65: MC500 | B65: MC | C65: PACKAGES | D65: Odorization systems | E65: Sistemi odorizzazione (completi) | F65: Odorization systems
A66: MC600 | B66: MC | C66: PACKAGES | D66: Incinerators | E66: Inceneritori
A67: MC700 | B67: MC | C67: PACKAGES | D67: Firefighting system | E67: Sistema antincendio
A68: MC800 | B68: MC | C68: PACKAGES | D68: Other Package | E68: Bombole azoto Kit riduzione azoto Generatore di corrente Gas generator Gas dryer, etc | F68: Nitrogen Bottles Nitrogen Reduction unit Generator Gas generator Gas dryer
A69: MD100 | B69: MD | C69: MACHINERY | D69: Pumps | E69: Pompa Motore pompa Quadro comando pompa Accessori pompa | F69: Pump Pump motor pump control cabinet Pump accessories
A70: MD110 | B70: MD | C70: MACHINERY | D70: Centrifugal Pumps | E70: Pompe centrifughe | F70: Centrifugal pumps
A71: MD120 | B71: MD | C71: MACHINERY | D71: Reciprocating Pumps | E71: Pompe a pistone | F71: Reciprocating pumps
A72: MD130 | B72: MD | C72: MACHINERY | D72: Chemical Injection Pumps | E72: Pompe dosaggio reagenti chimici | F72: Chemical Injection Pumps
A73: MD200 | B73: MD | C73: MACHINERY | D73: Compressors | E73: Compressori alternativi Compressori a palette Compressori ad anello liquido Compressori a lobi Compressori a vite Compressori a spirale Compressori centrifughi Compressori assiali | F73: Reciprocating compressors Rotary Vane compressors Rotary Liquid Ring Compressors Rotary Lobe Compressor Rotary Screw Compressor Scrolls Centrifugal Compressors Axial Compressors
A74: MD300 | B74: MD | C74: MACHINERY | D74: Mixers | E74: Miscelatori
A75: MD410 | B75: MD | C75: MACHINERY | D75: Fans | E75: Ventilatori | F75: Fans
A76: MD420 | B76: MD | C76: MACHINERY | D76: Blowers | E76: Soffianti | F76: Blowers
A77: MD500 | B77: MD | C77: MACHINERY | D77: Other Machinery
A78: ME110 | B78: ME | C78: MANUAL VALVES | D78: Ball valves <=2" | E78: Valvole a sfera <= 2" BAR STOCK SPLIT BODY Leva | F78: Ball valve <= 2" BAR STOCK SPLIT BODY Lever
A79: ME120 | B79: ME | C79: MANUAL VALVES | D79: Ball valves >2" | E79: Valvole a sfera > 2" TRUNNION imbullonate TRUNNION saldate BAR STOCK SPLIT BODY Leva o riduttore di coppia | F79: Ball valve > 2" TRUNNION bolted TRUNNION fully welded BAR STOCK SPLIT BODY Lever or gear
A80: ME121 | B80: ME | C80: MANUAL VALVES | D80: Forging - bars | E80: SPLIT BODY (per area valvole) | F80: SPLIT BODY ( for Valves Division)
A81: ME122 | B81: ME | C81: MANUAL VALVES | D81: Ball | E81: Sfera (per area valvole) | F81: Ball (for Valves Division)
A82: ME123 | B82: ME | C82: MANUAL VALVES | D82: Seats | E82: Sedi (per area valvole) | F82: Seats (for Valves Division)
A83: ME124 | B83: ME | C83: MANUAL VALVES | D83: Stem | E83: Stelo (per area valvole) | F83: Stem (for Valves Division)
A84: ME125 | B84: ME | C84: MANUAL VALVES | D84: Stem Ext. | E84: Estensione stelo (per area valvole) | F84: Stem Extension (for Valves Division)
A85: ME126 | B85: ME | C85: MANUAL VALVES | D85: Body | E85: Corpo (per area valvole)
A86: ME127 | B86: ME | C86: MANUAL VALVES | D86: Terminal | E86: Imbocco (per area valvole)
A87: ME128 | B87: ME | C87: MANUAL VALVES | D87: Bonnet | E87: Coperchio (per area valvole)
A88: ME129 | B88: ME | C88: MANUAL VALVES | D88: Valve Gaskets | E88: O.ring Lip Seal Pacchi baderna Fire Safe
A89: ME130 | B89: ME | C89: MANUAL VALVES | D89: Thrust Bearing | E89: Cuscinetti
A90: ME131 | B90: ME | C90: MANUAL VALVES | D90: Valve Fittings | E90: Drain Vent Sealing fittings
A91: ME132 | B91: ME | C91: MANUAL VALVES | D91: Pups
A92: ME199 | B92: ME | C92: MANUAL VALVES | D92: Other components (PF Valves) | E92: Altri componenti (per valvole produzione PF) | F92: Other components (For PF Production Valves)
A93: ME200 | B93: ME | C93: MANUAL VALVES | D93: Globe valves | E93: Valvola Globo
A94: ME300 | B94: ME | C94: MANUAL VALVES | D94: Gate valves | E94: Valvola a saracinesca (SA/FI, SA/FL)
A95: ME400 | B95: ME | C95: MANUAL VALVES | D95: Check valves | E95: Valvola ritegno gas Valvola ritegno acqua
A96: ME500 | B96: ME | C96: MANUAL VALVES | D96: Plug Valves | E96: Valvole maschio
A97: ME600 | B97: ME | C97: MANUAL VALVES | D97: Butterfly Valves | E97: Valvole a farfalla
A98: ME700 | B98: ME | C98: MANUAL VALVES | D98: Other valves | E98: Valvole a spillo | F98: Needle valve
A99: MF110 | B99: MF | C99: INSTRUMENTATION | D99: Ultrasonic flow meters | E99: Contatore Ultrasonico Calibrazione contatore Raddrizzatore di flusso Accessori | F99: Ultrasonic Flow meter Calibration Flow straightner Accessories
A100: MF120 | B100: MF | C100: INSTRUMENTATION | D100: Turbine flow meters | E100: Contatore a turbina Calibrazione contatore ultasonico Raddrizzatore di flusso Accessori | F100: Turbine Flow meter Calibration Flow straightner Accessories
...

Sheet Proposal Quantity Report
A1: Weight Summary
A2: Descritpion | B2: Weight | C2: Weight % | D2: Procurement Cost | E2: Fabrication Cost | F2: Installation Cost | H2: Unit Cost | I2: Total Cost
B3: kg | C3: % | D3: € | E3: € | F3: € | H3: €/kg | I3: €
A4: Skid Structures | B4: =SUM('Module Fabrication Price List'!J4:J5,'Module Fabrication Price List'!J7:J13) -> 14343.807 | C4: =IFERROR(B4/$B$13,"") -> 0.36999395 | D4: =SUM('Module Fabrication Price List'!L4:L5,'Module Fabrication Price List'!L7:L13) -> 58466.241 | E4: =SUM('Module Fabrication Price List'!L15:L16,'Module Fabrication Price List'!L18:L24) -> 54732.868 | F4: ='Module Fabrication Price List'!L274 -> 6466.3036 | H4: =IFERROR(I4/B4,0) -> 8.3426535 | I4: =SUM(D4:F4) -> 119665.41
A5: Aux. Structure | B5: ='Module Fabrication Price List'!J6 -> 0 | C5: =IFERROR(B5/$B$13,"") -> 0 | D5: ='Module Fabrication Price List'!L6 -> 0 | E5: ='Module Fabrication Price List'!L17 -> 0 | H5: =IFERROR(I5/B5,0) -> 0 | I5: =SUM(D5:F5) -> 0
A6: Piping | B6: =SUM('Module Fabrication Price List'!J281:J298) -> 3338.3732 | C6: =IFERROR(B6/$B$13,"") -> 0.086112276 | D6: =SUM('Piping Material List'!W3:W96) -> 44127.584 | E6: =SUM('Module Fabrication Price List'!L27,'Module Fabrication Price List'!L57,'Module Fabrication Price List'!L87,'Module Fabrication Price List'!L117,'Module Fabrication Price List'!L148,'Module Fabrication Price List'!L176,'Module Fabrication Price List'!L204,'Module Fabrication Price List'!L232,'Module Fabrication Price List'!L260,'Module Fabrication Price List'!L262,'Module Fabrication Price List'!L265,'Module Fabrication Price List'!L270) -> 42107.56 | F6: ='Module Fabrication Price List'!L280 -> 1669.1866 | H6: =IFERROR(I6/B6,0) -> 26.331487 | I6: =SUM(D6:F6) -> 87904.33
A7: Valves | B7: =SUM('Module Fabrication Price List'!J300:J317) -> 2089.5 | C7: =IFERROR(B7/$B$13,"") -> 0.053897989 | D7: =SUM('Valve List'!BA3:BA99) -> 63120 | F7: ='Module Fabrication Price List'!L299 -> 1115.25 | H7: =IFERROR(I7/B7,0) -> 30.741924 | I7: =SUM(D7:F7) -> 64235.25
A8: Equipment | B8: =SUM('Module Fabrication Price List'!J319:J338) -> 14450 | C8: =IFERROR(B8/$B$13,"") -> 0.37273316 | D8: =SUM('Equip&Mach List'!V4:V29) -> 325800 | F8: ='Module Fabrication Price List'!L318 -> 14112.5 | H8: =IFERROR(I8/B8,0) -> 23.523356 | I8: =SUM(D8:F8) -> 339912.5
A9: Machinery | B9: =SUM('Equip&Mach List'!S33:S52) -> 3650 | C9: =IFERROR(B9/$B$13,"") -> 0.094150591 | D9: =SUM('Equip&Mach List'!V33:V52) -> 163000 | F9: ='Module Fabrication Price List'!L339 -> 3025 | H9: =IFERROR(I9/B9,0) -> 45.486301 | I9: =SUM(D9:F9) -> 166025
A10: Instrumentation | B10: =SUM('Instrument List'!AE4:AE55) -> 776 | C10: =IFERROR(B10/$B$13,"") -> 0.020016674 | D10: =SUM('Instrument List'!AG4:AG55) -> 256802.8 | H10: =IFERROR(I10/B10,0) -> 330.93144 | I10: =SUM(D10:F10) -> 256802.8
A11: Accessories | B11: =SUM('Equip&Mach List'!S56:S75) -> 0 | C11: =IFERROR(B11/$B$13,"") -> 0 | D11: =SUM('Equip&Mach List'!V56:V75) -> 0 | H11: =IFERROR(I11/B11,0) -> 0 | I11: =SUM(D11:F11) -> 0
A12: Insternals | B12: =SUM('Equip&Mach List'!Y4:Y29) -> 120 | C12: =IFERROR(B12/$B$13,"") -> 0.0030953619 | H12: =IFERROR(I12/B12,0) -> 0 | I12: =SUM(D12:F12) -> 0
A13: TOTAL | B13: =SUM(B4:B12) -> 38767.68 | C13: =SUM(C4:C12) -> 1 | D13: =SUM(D4:D10) -> 911316.63 | E13: =SUM(E4:E10) -> 96840.428 | F13: =SUM(F4:F10) -> 26388.24 | I13: =SUM(I4:I10) -> 1034545.3
A14: Welding&Fabrication Summary
A15: Descritpion | B15: Joint | C15: d-inches | D15: Avarage Diameter | E15: Weight | F15: Unit Cost | I15: Total Cost
D16: inches | E16: kg | F16: €/joint | G16: €/d-inches | H16: €/kg | I16: €
A17: Carbon Steel | B17: =SUMPRODUCT('Piping Material List'!$AE$3:$AE$96,'Piping Material List'!$DI$3:$DI$96)+SUMPRODUCT('Piping Material List'!$AF$3:$AF$96,'Piping Material List'!$DI$3:$DI$96) -> 73.6 | C17: =SUMPRODUCT('Piping Material List'!$AG$3:$AG$96,'Piping Material List'!$DI$3:$DI$96) -> 284.8 | D17: =IFERROR(C17/B17,0) -> 3.8695652 | E17: =SUMPRODUCT('Piping Material List'!$U$3:$U$96,'Piping Material List'!DI3:DI96) -> 495.66779 | F17: =IFERROR(I17/B17,0) -> 58.043478 | G17: =IFERROR(I17/C17,0) -> 15 | H17: =IFERROR(I17/E17,0) -> 8.6186759 | I17: ='Module Fabrication Price List'!$L$27 -> 4272
A18: Stainless Steel | B18: =SUMPRODUCT('Piping Material List'!$AE$3:$AE$96,'Piping Material List'!$DK$3:$DK$96)+SUMPRODUCT('Piping Material List'!$AF$3:$AF$96,'Piping Material List'!$DK$3:$DK$96) -> 300.8 | C18: =SUMPRODUCT('Piping Material List'!$AG$3:$AG$96,'Piping Material List'!$DK$3:$DK$96) -> 1372.8 | D18: =IFERROR(C18/B18,0) -> 4.5638298 | E18: =SUMPRODUCT('Piping Material List'!$U$3:$U$96,'Piping Material List'!DK3:DK96) -> 2842.7054 | F18: =IFERROR(I18/B18,0) -> 91.276596 | G18: =IFERROR(I18/C18,0) -> 20 | H18: =IFERROR(I18/E18,0) -> 9.658405 | I18: ='Module Fabrication Price List'!$L$57 -> 27456
A19: Duplex Stainless Steel | B19: =SUMPRODUCT('Piping Material List'!$AE$3:$AE$96,'Piping Material List'!$DL$3:$DL$96)+SUMPRODUCT('Piping Material List'!$AF$3:$AF$96,'Piping Material List'!$DL$3:$DL$96) -> 0 | C19: =SUMPRODUCT('Piping Material List'!$AG$3:$AG$96,'Piping Material List'!$DL$3:$DL$96) -> 0 | D19: =IFERROR(C19/B19,0) -> 0 | E19: =SUMPRODUCT('Piping Material List'!$U$3:$U$96,'Piping Material List'!DL3:DL96) -> 0 | F19: =IFERROR(I19/B19,0) -> 0 | G19: =IFERROR(I19/C19,0) -> 0 | H19: =IFERROR(I19/E19,0) -> 0 | I19: ='Module Fabrication Price List'!$L$87 -> 0
A20: Incoloy 625/685 | B20: =SUMPRODUCT('Piping Material List'!$AE$3:$AE$96,'Piping Material List'!$DM$3:$DM$96)+SUMPRODUCT('Piping Material List'!$AF$3:$AF$96,'Piping Material List'!$DM$3:$DM$96) -> 0 | C20: =SUMPRODUCT('Piping Material List'!$AG$3:$AG$96,'Piping Material List'!$DM$3:$DM$96) -> 0 | D20: =IFERROR(C20/B20,0) -> 0 | E20: =SUMPRODUCT('Piping Material List'!$U$3:$U$96,'Piping Material List'!DM3:DM96) -> 0 | F20: =IFERROR(I20/B20,0) -> 0 | G20: =IFERROR(I20/C20,0) -> 0 | H20: =IFERROR(I20/E20,0) -> 0 | I20: ='Module Fabrication Price List'!$L$117 -> 0
A21: NDE & Hydrotest & PWHT | I21: =SUM('Module Fabrication Price List'!$L$148,'Module Fabrication Price List'!$L$176,'Module Fabrication Price List'!$L$204,'Module Fabrication Price List'!$L$232,'Module Fabrication Price List'!$L$260,'Module Fabrication Price List'!$L$262,'Module Fabrication Price List'!$L$265,'Module Fabrication Price List'!$L$270) -> 10379.56
A22: TOTAL | B22: =SUM(B17:B21) -> 374.4 | C22: =SUM(C17:C21) -> 1657.6 | E22: =SUM(E17:E21) -> 3338.3732 | I22: =SUM(I17:I21) -> 42107.56
A29: Surface Summary
A30: Descritpion | B30: External Surface | C30: External Surface % | H30: Painting Unit Cost | I30: Painting Total Cost
B31: m2 | C31: % | H31: €/m2 | I31: €
A32: Skid Structures | B32: =SUM('Steel Structure List'!N5:N18,'Steel Structure List'!N21) -> 319.02223 | C32: =B32/$B$40 -> 0.56231648 | H32: 75 | I32: =H32*B32 -> 23926.667
A33: Aux. Structure | B33: =SUM('Steel Structure List'!N26:N35,'Steel Structure List'!N39:N48) -> 0 | C33: =B33/$B$40 -> 0 | H33: 75 | I33: =H33*B33 -> 0
A34: Total Piping | B34: =SUM(B35:B38) -> 89.843974 | C34: =B34/$B$40 -> 0.15836121 | H34: =I34/B34 -> 10 | I34: ='Module Fabrication Price List'!L441 -> 898.43974
A35: Carbon Steel Piping | B35: =SUMPRODUCT('Piping Material List'!$AA$3:$AA$96,'Piping Material List'!DI3:DI96) -> 16.465626 | C35: =B35/$B$40 -> 0.029022719
A36: Stainless Steel Piping | B36: =SUMPRODUCT('Piping Material List'!$AA$3:$AA$96,'Piping Material List'!DK3:DK96) -> 73.378348 | C36: =B36/$B$40 -> 0.12933849
A37: Duplex Stainless Steel Piping | B37: =SUMPRODUCT('Piping Material List'!$AA$3:$AA$96,'Piping Material List'!DL3:DL96) -> 0 | C37: =B37/$B$40 -> 0
A38: Incoloy 625/685 Piping | B38: =SUMPRODUCT('Piping Material List'!$AA$3:$AA$96,'Piping Material List'!DM3:DM96) -> 0 | C38: =B38/$B$40 -> 0
A39: Equipment | B39: =SUM('Equip&Mach List'!R4:R29,'Equip&Mach List'!R33:R52,'Equip&Mach List'!R56:R75) -> 158.46953 | C39: =B39/$B$40 -> 0.27932231 | H39: 0 | I39: =H39*B39 -> 0
A40: TOTAL | B40: =SUM(B35:B39,B32:B33) -> 567.33573 | C40: =SUM(C32:C39) -> 1.1583612 | I40: =SUM(I32:I39) -> 24825.107
A41: SKID WEIGHT SUMMARY
A42: SKID | B42: Main Structure | C42: Secondary Structure | D42: Piping Material | E42: Piping Support | F42: Instrumentation | G42: Manual Valves | H42: Equipments | I42: TOTAL
B43: kg | C43: kg | D43: kg | E43: kg | F43: kg | G43: kg | H43: kg | I43: kg
A44: =List!$BF$2 -> Loose | B44: ='Steel Structure List'!$I$23+'Steel Structure List'!$I$36+'Steel Structure List'!$I$49+'Steel Structure List'!$I$77 -> 1610 | C44: 0 | D44: =SUMPRODUCT('Piping Material List'!$U$3:$U$96,'Piping Material List'!$EP$3:$EP$96) -> 0 | E44: =SUMPRODUCT('Piping Material List'!$AN$3:$AN$96,'Piping Material List'!$EP$3:$EP$96) -> 0 | F44: =SUMPRODUCT('Instrument List'!$AE$4:$AE$43,'Instrument List'!$BR$4:$BR$43) -> 0 | G44: =SUMPRODUCT('Valve List'!$AY$3:$AY$99,'Valve List'!$CQ$3:$CQ$99) -> 0 | H44: =SUMPRODUCT('Equip&Mach List'!$S$4:$S$75,'Equip&Mach List'!$AK$4:$AK$75)+SUM('Equip&Mach List'!$Y$4:$Y$29) -> 120 | I44: =SUM(B44:H44) -> 1730
A45: =List!$BF$3 -> SKID 1 MODULO PIANO 1 | B45: ='Steel Structure List'!$H5 -> 3840 | C45: =IF(A45="X",0,B45*'Steel Structure List'!$B$21) -> 192 | D45: =SUMPRODUCT('Piping Material List'!$U$3:$U$96,'Piping Material List'!$EQ$3:$EQ$96) -> 0 | E45: =SUMPRODUCT('Piping Material List'!$AN$3:$AN$96,'Piping Material List'!$EQ$3:$EQ$96) -> 0 | F45: =SUMPRODUCT('Instrument List'!$AE$4:$AE$43,'Instrument List'!$BS$4:$BS$43) -> 0 | G45: =SUMPRODUCT('Valve List'!$AY$3:$AY$99,'Valve List'!$CR$3:$CR$99) -> 0 | H45: =SUMPRODUCT('Equip&Mach List'!$S$4:$S$75,'Equip&Mach List'!$AL$4:$AL$75) -> 0 | I45: =SUM(D45:H45) -> 0
A46: =List!$BF$4 -> SKID 1 MODULO PIANO 2 | B46: ='Steel Structure List'!$H6 -> 3840 | C46: =IF(A46="X",0,B46*'Steel Structure List'!$B$21) -> 192 | D46: =SUMPRODUCT('Piping Material List'!$U$3:$U$96,'Piping Material List'!$ER$3:$ER$96) -> 0 | E46: =SUMPRODUCT('Piping Material List'!$AN$3:$AN$96,'Piping Material List'!$ER$3:$ER$96) -> 0 | F46: =SUMPRODUCT('Instrument List'!$AE$4:$AE$43,'Instrument List'!$BT$4:$BT$43) -> 0 | G46: =SUMPRODUCT('Valve List'!$AY$3:$AY$99,'Valve List'!$CS$3:$CS$99) -> 0 | H46: =SUMPRODUCT('Equip&Mach List'!$S$4:$S$75,'Equip&Mach List'!$AM$4:$AM$75) -> 0 | I46: =SUM(B46:H46) -> 4032
A47: =List!$BF$5 -> SKID 2 MODULO PIANO 1 | B47: ='Steel Structure List'!$H7 -> 3840 | C47: =IF(A47="X",0,B47*'Steel Structure List'!$B$21) -> 192 | D47: =SUMPRODUCT('Piping Material List'!$U$3:$U$96,'Piping Material List'!$ES$3:$ES$96) -> 0 | E47: =SUMPRODUCT('Piping Material List'!$AN$3:$AN$96,'Piping Material List'!$ES$3:$ES$96) -> 0 | F47: =SUMPRODUCT('Instrument List'!$AE$4:$AE$43,'Instrument List'!$BU$4:$BU$43) -> 0 | G47: =SUMPRODUCT('Valve List'!$AY$3:$AY$99,'Valve List'!$CT$3:$CT$99) -> 0 | H47: =SUMPRODUCT('Equip&Mach List'!$S$4:$S$75,'Equip&Mach List'!$AN$4:$AN$75) -> 0 | I47: =SUM(B47:H47) -> 4032
A48: =List!$BF$6 -> X | B48: ='Steel Structure List'!$H8 -> 0 | C48: =IF(A48="X",0,B48*'Steel Structure List'!$B$21) -> 0 | D48: =SUMPRODUCT('Piping Material List'!$U$3:$U$96,'Piping Material List'!$ET$3:$ET$96) -> 0 | E48: =SUMPRODUCT('Piping Material List'!$AN$3:$AN$96,'Piping Material List'!$ET$3:$ET$96) -> 0 | F48: =SUMPRODUCT('Instrument List'!$AE$4:$AE$43,'Instrument List'!$BV$4:$BV$43) -> 0 | G48: =SUMPRODUCT('Valve List'!$AY$3:$AY$99,'Valve List'!$CU$3:$CU$99) -> 0 | H48: =SUMPRODUCT('Equip&Mach List'!$S$4:$S$75,'Equip&Mach List'!$AO$4:$AO$75) -> 0 | I48: =SUM(B48:H48) -> 0
A49: =List!$BF$7 -> X | B49: ='Steel Structure List'!$H9 -> 0 | C49: =IF(A49="X",0,B49*'Steel Structure List'!$B$21) -> 0 | D49: =SUMPRODUCT('Piping Material List'!$U$3:$U$96,'Piping Material List'!$EU$3:$EU$96) -> 0 | E49: =SUMPRODUCT('Piping Material List'!$AN$3:$AN$96,'Piping Material List'!$EU$3:$EU$96) -> 0 | F49: =SUMPRODUCT('Instrument List'!$AE$4:$AE$43,'Instrument List'!$BW$4:$BW$43) -> 0 | G49: =SUMPRODUCT('Valve List'!$AY$3:$AY$99,'Valve List'!$CV$3:$CV$99) -> 0 | H49: =SUMPRODUCT('Equip&Mach List'!$S$4:$S$75,'Equip&Mach List'!$AP$4:$AP$75) -> 0 | I49: =SUM(B49:H49) -> 0
A50: =List!$BF$8 -> X | B50: ='Steel Structure List'!$H10 -> 0 | C50: =IF(A50="X",0,B50*'Steel Structure List'!$B$21) -> 0 | D50: =SUMPRODUCT('Piping Material List'!$U$3:$U$96,'Piping Material List'!$EV$3:$EV$96) -> 0 | E50: =SUMPRODUCT('Piping Material List'!$AN$3:$AN$96,'Piping Material List'!$EV$3:$EV$96) -> 0 | F50: =SUMPRODUCT('Instrument List'!$AE$4:$AE$43,'Instrument List'!$BX$4:$BX$43) -> 0 | G50: =SUMPRODUCT('Valve List'!$AY$3:$AY$99,'Valve List'!$CW$3:$CW$99) -> 0 | H50: =SUMPRODUCT('Equip&Mach List'!$S$4:$S$75,'Equip&Mach List'!$AQ$4:$AQ$75) -> 0 | I50: =SUM(B50:H50) -> 0
A51: =List!$BF$9 -> X | B51: ='Steel Structure List'!$H11 -> 0 | C51: =IF(A51="X",0,B51*'Steel Structure List'!$B$21) -> 0 | D51: =SUMPRODUCT('Piping Material List'!$U$3:$U$96,'Piping Material List'!$EW$3:$EW$96) -> 0 | E51: =SUMPRODUCT('Piping Material List'!$AN$3:$AN$96,'Piping Material List'!$EW$3:$EW$96) -> 0 | F51: =SUMPRODUCT('Instrument List'!$AE$4:$AE$43,'Instrument List'!$BY$4:$BY$43) -> 0 | G51: =SUMPRODUCT('Valve List'!$AY$3:$AY$99,'Valve List'!$CX$3:$CX$99) -> 0 | H51: =SUMPRODUCT('Equip&Mach List'!$S$4:$S$75,'Equip&Mach List'!$AR$4:$AR$75) -> 0 | I51: =SUM(B51:H51) -> 0
A52: =List!$BF$10 -> X | B52: ='Steel Structure List'!$H12 -> 0 | C52: =IF(A52="X",0,B52*'Steel Structure List'!$B$21) -> 0 | D52: =SUMPRODUCT('Piping Material List'!$U$3:$U$96,'Piping Material List'!$EX$3:$EX$96) -> 0 | E52: =SUMPRODUCT('Piping Material List'!$AN$3:$AN$96,'Piping Material List'!$EX$3:$EX$96) -> 0 | F52: =SUMPRODUCT('Instrument List'!$AE$4:$AE$43,'Instrument List'!$BZ$4:$BZ$43) -> 0 | G52: =SUMPRODUCT('Valve List'!$AY$3:$AY$99,'Valve List'!$CY$3:$CY$99) -> 0 | H52: =SUMPRODUCT('Equip&Mach List'!$S$4:$S$75,'Equip&Mach List'!$AS$4:$AS$75) -> 0 | I52: =SUM(B52:H52) -> 0
A53: =List!$BF$11 -> X | B53: ='Steel Structure List'!$H13 -> 0 | C53: =IF(A53="X",0,B53*'Steel Structure List'!$B$21) -> 0 | D53: =SUMPRODUCT('Piping Material List'!$U$3:$U$96,'Piping Material List'!$EY$3:$EY$96) -> 0 | E53: =SUMPRODUCT('Piping Material List'!$AN$3:$AN$96,'Piping Material List'!$EY$3:$EY$96) -> 0 | F53: =SUMPRODUCT('Instrument List'!$AE$4:$AE$43,'Instrument List'!$CA$4:$CA$43) -> 0 | G53: =SUMPRODUCT('Valve List'!$AY$3:$AY$99,'Valve List'!$CZ$3:$CZ$99) -> 0 | H53: =SUMPRODUCT('Equip&Mach List'!$S$4:$S$75,'Equip&Mach List'!$AT$4:$AT$75) -> 0 | I53: =SUM(B53:H53) -> 0
A54: =List!$BF$12 -> X | B54: ='Steel Structure List'!$H14 -> 0 | C54: =IF(A54="X",0,B54*'Steel Structure List'!$B$21) -> 0 | D54: =SUMPRODUCT('Piping Material List'!$U$3:$U$96,'Piping Material List'!$EZ$3:$EZ$96) -> 0 | E54: =SUMPRODUCT('Piping Material List'!$AN$3:$AN$96,'Piping Material List'!$EZ$3:$EZ$96) -> 0 | F54: =SUMPRODUCT('Instrument List'!$AE$4:$AE$43,'Instrument List'!$CB$4:$CB$43) -> 0 | G54: =SUMPRODUCT('Valve List'!$AY$3:$AY$99,'Valve List'!$DA$3:$DA$99) -> 0 | H54: =SUMPRODUCT('Equip&Mach List'!$S$4:$S$75,'Equip&Mach List'!$AU$4:$AU$75) -> 0 | I54: =SUM(B54:H54) -> 0
A55: =List!$BF$13 -> X | B55: ='Steel Structure List'!$H15 -> 0 | C55: =IF(A55="X",0,B55*'Steel Structure List'!$B$21) -> 0 | D55: =SUMPRODUCT('Piping Material List'!$U$3:$U$96,'Piping Material List'!$FA$3:$FA$96) -> 0 | E55: =SUMPRODUCT('Piping Material List'!$AN$3:$AN$96,'Piping Material List'!$FA$3:$FA$96) -> 0 | F55: =SUMPRODUCT('Instrument List'!$AE$4:$AE$43,'Instrument List'!$CC$4:$CC$43) -> 0 | G55: =SUMPRODUCT('Valve List'!$AY$3:$AY$99,'Valve List'!$DB$3:$DB$99) -> 0 | H55: =SUMPRODUCT('Equip&Mach List'!$S$4:$S$75,'Equip&Mach List'!$AV$4:$AV$75) -> 0 | I55: =SUM(B55:H55) -> 0
A56: =List!$BF$14 -> X | B56: ='Steel Structure List'!$H16 -> 0 | C56: =IF(A56="X",0,B56*'Steel Structure List'!$B$21) -> 0 | D56: =SUMPRODUCT('Piping Material List'!$U$3:$U$96,'Piping Material List'!$FB$3:$FB$96) -> 0 | E56: =SUMPRODUCT('Piping Material List'!$AN$3:$AN$96,'Piping Material List'!$FB$3:$FB$96) -> 0 | F56: =SUMPRODUCT('Instrument List'!$AE$4:$AE$43,'Instrument List'!$CD$4:$CD$43) -> 0 | G56: =SUMPRODUCT('Valve List'!$AY$3:$AY$99,'Valve List'!$DC$3:$DC$99) -> 0 | H56: =SUMPRODUCT('Equip&Mach List'!$S$4:$S$75,'Equip&Mach List'!$AW$4:$AW$75) -> 0 | I56: =SUM(B56:H56) -> 0
A57: =List!$BF$15 -> X | B57: ='Steel Structure List'!$H17 -> 0 | C57: =IF(A57="X",0,B57*'Steel Structure List'!$B$21) -> 0 | D57: =SUMPRODUCT('Piping Material List'!$U$3:$U$96,'Piping Material List'!$FC$3:$FC$96) -> 0 | E57: =SUMPRODUCT('Piping Material List'!$AN$3:$AN$96,'Piping Material List'!$FC$3:$FC$96) -> 0 | F57: =SUMPRODUCT('Instrument List'!$AE$4:$AE$43,'Instrument List'!$CE$4:$CE$43) -> 0 | G57: =SUMPRODUCT('Valve List'!$AY$3:$AY$99,'Valve List'!$DD$3:$DD$99) -> 0 | H57: =SUMPRODUCT('Equip&Mach List'!$S$4:$S$75,'Equip&Mach List'!$AX$4:$AX$75) -> 0 | I57: =SUM(B57:H57) -> 0
A58: =List!$BF$16 -> X | B58: ='Steel Structure List'!$H18 -> 0 | C58: =IF(A58="X",0,B58*'Steel Structure List'!$B$21) -> 0 | D58: =SUMPRODUCT('Piping Material List'!$U$3:$U$96,'Piping Material List'!$FD$3:$FD$96) -> 0 | E58: =SUMPRODUCT('Piping Material List'!$AN$3:$AN$96,'Piping Material List'!$FD$3:$FD$96) -> 0 | F58: =SUMPRODUCT('Instrument List'!$AE$4:$AE$43,'Instrument List'!$CF$4:$CF$43) -> 0 | G58: =SUMPRODUCT('Valve List'!$AY$3:$AY$99,'Valve List'!$DE$3:$DE$99) -> 0 | H58: =SUMPRODUCT('Equip&Mach List'!$S$4:$S$75,'Equip&Mach List'!$AY$4:$AY$75) -> 0 | I58: =SUM(B58:H58) -> 0
A59: =List!$BF$17 -> X | B59: ='Steel Structure List'!$H19 -> 0 | C59: =IF(A59="X",0,B59*'Steel Structure List'!$B$21) -> 0 | D59: =SUMPRODUCT('Piping Material List'!$U$3:$U$96,'Piping Material List'!$FE$3:$FE$96) -> 0 | E59: =SUMPRODUCT('Piping Material List'!$AN$3:$AN$96,'Piping Material List'!$FE$3:$FE$96) -> 0 | F59: =SUMPRODUCT('Instrument List'!$AE$4:$AE$43,'Instrument List'!$CG$4:$CG$43) -> 0 | G59: =SUMPRODUCT('Valve List'!$AY$3:$AY$99,'Valve List'!$DF$3:$DF$99) -> 0 | H59: =SUMPRODUCT('Equip&Mach List'!$S$4:$S$75,'Equip&Mach List'!$AZ$4:$AZ$75) -> 0 | I59: =SUM(B59:H59) -> 0
A60: Not assigned | B60: 0 | C60: 0 | D60: =SUMPRODUCT('Piping Material List'!$U$3:$U$96,'Piping Material List'!$FF$3:$FF$96) -> 3338.3732 | E60: =SUMPRODUCT('Piping Material List'!$AN$3:$AN$96,'Piping Material List'!$FF$3:$FF$96) -> 600.90717 | F60: =SUMPRODUCT('Instrument List'!$AE$4:$AE$43,'Instrument List'!$CH$4:$CH$43) -> 0.5 | G60: =SUMPRODUCT('Valve List'!$AY$3:$AY$99,'Valve List'!$DG$3:$DG$99) -> 0 | H60: =SUMPRODUCT('Equip&Mach List'!$S$4:$S$75,'Equip&Mach List'!$BA$4:$BA$75) -> 0 | I60: =SUM(B60:H60) -> 3939.7803
A61: TOTAL | B61: =SUM(B44:B60) -> 13130 | C61: =SUM(C44:C60) -> 576 | D61: =SUM(D44:D60) -> 3338.3732 | E61: =SUM(E44:E60) -> 600.90717 | F61: =SUM(F44:F60) -> 0.5 | G61: =SUM(G44:G60) -> 0 | H61: =SUM(H44:H60) -> 120 | I61: =SUM(I44:I60) -> 13733.78

Sheet Module Fabrication Price List
A1: Pos. | B1: Description | C1: Unit of Measurem. [U.M.] | D1: Estimated Quantities | K1: Unit Price [€/U.M.] | L1: TOTAL PRICE [€]
A2: 1 | B2: STEEL STRUCTURE SUPPLY AND FABRICATION
A3: 1.1 | B3: Steel structure Supply | L3: =SUM(L4:L13) -> 58466.241
A4: 1.1.1 | B4: Skid Main Structure | C4: kg | J4: ='Steel Structure List'!I2 -> 11520 | K4: 4 | L4: =K4*J4 -> 46080
A5: 1.1.2 | B5: Skid Secondary Structure | C5: kg | J5: ='Steel Structure List'!I20 -> 576 | K5: 4 | L5: =K5*J5 -> 2304
A6: 1.1.3 | B6: Auxiliary Structure | C6: kg | J6: ='Steel Structure List'!I23+'Steel Structure List'!I36 -> 0 | K6: 3 | L6: =K6*J6 -> 0
A7: 1.1.4 | B7: Vertical Ladders | C7: kg | J7: ='Steel Structure List'!I49 -> 170 | K7: 6 | L7: =K7*J7 -> 1020
A8: 1.1.5 | B8: Piping Support for | L8: =K8*J8 -> 0
A9: 1.1.5.1 | B9: Carbon Steel Lines | C9: kg | J9: =SUMPRODUCT('Piping Material List'!$AN$3:$AN$96,'Piping Material List'!$DI$3:$DI$96)+SUMPRODUCT('Valve List'!$BC$3:$BC$99,'Valve List'!$CL$3:$CL$99) -> 102.3602 | K9: 2.5 | L9: =K9*J9 -> 255.9005
A10: 1.1.5.2 | B10: Stainless Steel Lines | C10: kg | J10: =SUMPRODUCT('Piping Material List'!$AN$3:$AN$96,'Piping Material List'!$DK$3:$DK$96)+SUMPRODUCT('Valve List'!$BC$3:$BC$99,'Valve List'!$CM$3:$CM$99) -> 535.44697 | K10: 3 | L10: =K10*J10 -> 1606.3409
A11: 1.1.5.3 | B11: Duplex Stainless Steel Lines | C11: kg | J11: =SUMPRODUCT('Piping Material List'!$AN$3:$AN$96,'Piping Material List'!$DL$3:$DL$96)+SUMPRODUCT('Valve List'!$BC$3:$BC$99,'Valve List'!$CN$3:$CN$99) -> 0 | L11: =K11*J11 -> 0
A12: 1.1.5.4 | B12: Incoloy 825/625 Lines | C12: kg | J12: =SUMPRODUCT('Piping Material List'!$AN$3:$AN$96,'Piping Material List'!$DM$3:$DM$96)+SUMPRODUCT('Valve List'!$BC$3:$BC$99,'Valve List'!$CO$3:$CO$99) -> 0 | L12: =K12*J12 -> 0
A13: 1.1.6 | B13: Gratings | C13: kg | J13: ='Steel Structure List'!I77 -> 1440 | K13: 5 | L13: =K13*J13 -> 7200
A14: 1.2 | B14: Steel structure Fabrication | L14: =SUM(L15:L24) -> 54732.868
A15: 1.2.1 | B15: Skid Main Structure | C15: kg | J15: =J4 -> 11520 | K15: 4 | L15: =K15*J15 -> 46080
A16: 1.2.2 | B16: Skid Secondary Structure | C16: kg | J16: =J5 -> 576 | K16: 4 | L16: =K16*J16 -> 2304
A17: 1.2.3 | B17: Auxiliary Structure | J17: =J6 -> 0 | K17: 2.5 | L17: =K17*J17 -> 0
A18: 1.2.4 | B18: Vertical Ladders | C18: kg | J18: =J7 -> 170 | K18: 6 | L18: =K18*J18 -> 1020
A19: 1.2.5 | B19: Piping Support for | J19: =J8 -> 0 | L19: =K19*J19 -> 0
A20: 1.2.5.1 | B20: Carbon Steel Lines | C20: kg | J20: =J9 -> 102.3602 | K20: 3 | L20: =K20*J20 -> 307.08061
A21: 1.2.5.2 | B21: Stainless Steel Lines | C21: kg | J21: =J10 -> 535.44697 | K21: 4 | L21: =K21*J21 -> 2141.7879
A22: 1.2.5.3 | B22: Duplex Stainless Steel Lines | C22: kg | J22: =J11 -> 0 | L22: =K22*J22 -> 0
A23: 1.2.5.4 | B23: Incoloy 825/625 Lines | C23: kg | J23: =J12 -> 0 | L23: =K23*J23 -> 0
A24: 1.2.6 | B24: Drilling and Cutting Gratings | C24: m2 | J24: =SUM('Steel Structure List'!D80:D107) -> 28.8 | K24: 100 | L24: =K24*J24 -> 2880
A25: 2 | B25: PIPING FABRICATION | L25: =SUM(L30:L47,L60:L77,L90:L107) -> 31728
A26: 2.1 | B26: Welding Activity
A27: 2.1.1 | B27: Carbon Steel Piping | L27: =SUM(L30:L47) -> 4272
C28: SCH | D28: ='Piping Material List'!EH2 -> 5S - 40 | E28: ='Piping Material List'!EI2 -> 60 | F28: ='Piping Material List'!EJ2 -> XS - 80 | G28: ='Piping Material List'!EK2 -> 100 | H28: ='Piping Material List'!EL2 -> 120 | I28: ='Piping Material List'!EM2 -> 140 | J28: ='Piping Material List'!EN2 -> 160 - XXS
C29: k | D29: 1 | E29: 1.2 | F29: 1.3 | G29: 1.4 | H29: 1.5 | I29: 1.7 | J29: 2
A30: 2.1.1.1 | B30: Diameter 1/2 inches SW or BW | C30: d-inches | D30: =(SUMPRODUCT('Piping Material List'!$AA$3:$AA$96,'Piping Material List'!$AV$3:$AV$96,'Piping Material List'!$DE$3:$DE$96,'Piping Material List'!EC$3:EC$96)+SUMPRODUCT('Piping Material List'!$AB$3:$AB$96,'Piping Material List'!$BX$3:$BX$96,'Piping Material List'!$DE$3:$DE$96,'Piping Material List'!EC$3:EC$96))*IF($C30="d-inches",0.5,1)*IF($C30="Ø-inches",VLOOKUP(0.5,'Thickness Tab'!$1:$1048576,17,0),1) -> 0 | E30: =(SUMPRODUCT('Piping Material List'!$AE$3:$AE$96,'Piping Material List'!$AZ$3:$AZ$96,'Piping Material List'!$DI$3:$DI$96,'Piping Material List'!EI$3:EI$96)+SUMPRODUCT('Piping Material List'!$AF$3:$AF$96,'Piping Material List'!$CB$3:$CB$96,'Piping Material List'!$DI$3:$DI$96,'Piping Material List'!EI$3:EI$96))*IF($C30="d-inches",0.5,1)*IF($C30="Ø-inches",VLOOKUP(0.5,'Thickness Tab'!$1:$1048576,17,0),1) -> 0 | F30: =(SUMPRODUCT('Piping Material List'!$AE$3:$AE$96,'Piping Material List'!$AZ$3:$AZ$96,'Piping Material List'!$DI$3:$DI$96,'Piping Material List'!EJ$3:EJ$96)+SUMPRODUCT('Piping Material List'!$AF$3:$AF$96,'Piping Material List'!$CB$3:$CB$96,'Piping Material List'!$DI$3:$DI$96,'Piping Material List'!EJ$3:EJ$96))*IF($C30="d-inches",0.5,1)*IF($C30="Ø-inches",VLOOKUP(0.5,'Thickness Tab'!$1:$1048576,17,0),1) -> 0 | G30: =(SUMPRODUCT('Piping Material List'!$AE$3:$AE$96,'Piping Material List'!$AZ$3:$AZ$96,'Piping Material List'!$DI$3:$DI$96,'Piping Material List'!EK$3:EK$96)+SUMPRODUCT('Piping Material List'!$AF$3:$AF$96,'Piping Material List'!$CB$3:$CB$96,'Piping Material List'!$DI$3:$DI$96,'Piping Material List'!EK$3:EK$96))*IF($C30="d-inches",0.5,1)*IF($C30="Ø-inches",VLOOKUP(0.5,'Thickness Tab'!$1:$1048576,17,0),1) -> 0 | H30: =(SUMPRODUCT('Piping Material List'!$AE$3:$AE$96,'Piping Material List'!$AZ$3:$AZ$96,'Piping Material List'!$DI$3:$DI$96,'Piping Material List'!EL$3:EL$96)+SUMPRODUCT('Piping Material List'!$AF$3:$AF$96,'Piping Material List'!$CB$3:$CB$96,'Piping Material List'!$DI$3:$DI$96,'Piping Material List'!EL$3:EL$96))*IF($C30="d-inches",0.5,1)*IF($C30="Ø-inches",VLOOKUP(0.5,'Thickness Tab'!$1:$1048576,17,0),1) -> 0 | I30: =(SUMPRODUCT('Piping Material List'!$AE$3:$AE$96,'Piping Material List'!$AZ$3:$AZ$96,'Piping Material List'!$DI$3:$DI$96,'Piping Material List'!EM$3:EM$96)+SUMPRODUCT('Piping Material List'!$AF$3:$AF$96,'Piping Material List'!$CB$3:$CB$96,'Piping Material List'!$DI$3:$DI$96,'Piping Material List'!EM$3:EM$96))*IF($C30="d-inches",0.5,1)*IF($C30="Ø-inches",VLOOKUP(0.5,'Thickness Tab'!$1:$1048576,17,0),1) -> 0 | J30: =(SUMPRODUCT('Piping Material List'!$AE$3:$AE$96,'Piping Material List'!$AZ$3:$AZ$96,'Piping Material List'!$DI$3:$DI$96,'Piping Material List'!EN$3:EN$96)+SUMPRODUCT('Piping Material List'!$AF$3:$AF$96,'Piping Material List'!$CB$3:$CB$96,'Piping Material List'!$DI$3:$DI$96,'Piping Material List'!EN$3:EN$96))*IF($C30="d-inches",0.5,1)*IF($C30="Ø-inches",VLOOKUP(0.5,'Thickness Tab'!$1:$1048576,17,0),1) -> 0 | K30: 15 | L30: =SUMPRODUCT(D30:J30,$D$29:$J$29)*K30 -> 0
A31: 2.1.1.2 | B31: Diameter 3/4 inches SW or BW | C31: d-inches | D31: =(SUMPRODUCT('Piping Material List'!$AE$3:$AE$96,'Piping Material List'!$BA$3:$BA$96,'Piping Material List'!$DI$3:$DI$96,'Piping Material List'!EH$3:EH$96)+SUMPRODUCT('Piping Material List'!$AF$3:$AF$96,'Piping Material List'!$CC$3:$CC$96,'Piping Material List'!$DI$3:$DI$96,'Piping Material List'!EH$3:EH$96))*IF($C31="d-inches",0.75,1)*IF($C31="Ø-inches",VLOOKUP(0.75,'Thickness Tab'!$1:$1048576,17,0),1) -> 0 | E31: =(SUMPRODUCT('Piping Material List'!$AE$3:$AE$96,'Piping Material List'!$BA$3:$BA$96,'Piping Material List'!$DI$3:$DI$96,'Piping Material List'!EI$3:EI$96)+SUMPRODUCT('Piping Material List'!$AF$3:$AF$96,'Piping Material List'!$CC$3:$CC$96,'Piping Material List'!$DI$3:$DI$96,'Piping Material List'!EI$3:EI$96))*IF($C31="d-inches",0.75,1)*IF($C31="Ø-inches",VLOOKUP(0.75,'Thickness Tab'!$1:$1048576,17,0),1) -> 0 | F31: =(SUMPRODUCT('Piping Material List'!$AE$3:$AE$96,'Piping Material List'!$BA$3:$BA$96,'Piping Material List'!$DI$3:$DI$96,'Piping Material List'!EJ$3:EJ$96)+SUMPRODUCT('Piping Material List'!$AF$3:$AF$96,'Piping Material List'!$CC$3:$CC$96,'Piping Material List'!$DI$3:$DI$96,'Piping Material List'!EJ$3:EJ$96))*IF($C31="d-inches",0.75,1)*IF($C31="Ø-inches",VLOOKUP(0.75,'Thickness Tab'!$1:$1048576,17,0),1) -> 0 | G31: =(SUMPRODUCT('Piping Material List'!$AE$3:$AE$96,'Piping Material List'!$BA$3:$BA$96,'Piping Material List'!$DI$3:$DI$96,'Piping Material List'!EK$3:EK$96)+SUMPRODUCT('Piping Material List'!$AF$3:$AF$96,'Piping Material List'!$CC$3:$CC$96,'Piping Material List'!$DI$3:$DI$96,'Piping Material List'!EK$3:EK$96))*IF($C31="d-inches",0.75,1)*IF($C31="Ø-inches",VLOOKUP(0.75,'Thickness Tab'!$1:$1048576,17,0),1) -> 0 | H31: =(SUMPRODUCT('Piping Material List'!$AE$3:$AE$96,'Piping Material List'!$BA$3:$BA$96,'Piping Material List'!$DI$3:$DI$96,'Piping Material List'!EL$3:EL$96)+SUMPRODUCT('Piping Material List'!$AF$3:$AF$96,'Piping Material List'!$CC$3:$CC$96,'Piping Material List'!$DI$3:$DI$96,'Piping Material List'!EL$3:EL$96))*IF($C31="d-inches",0.75,1)*IF($C31="Ø-inches",VLOOKUP(0.75,'Thickness Tab'!$1:$1048576,17,0),1) -> 0 | I31: =(SUMPRODUCT('Piping Material List'!$AE$3:$AE$96,'Piping Material List'!$BA$3:$BA$96,'Piping Material List'!$DI$3:$DI$96,'Piping Material List'!EM$3:EM$96)+SUMPRODUCT('Piping Material List'!$AF$3:$AF$96,'Piping Material List'!$CC$3:$CC$96,'Piping Material List'!$DI$3:$DI$96,'Piping Material List'!EM$3:EM$96))*IF($C31="d-inches",0.75,1)*IF($C31="Ø-inches",VLOOKUP(0.75,'Thickness Tab'!$1:$1048576,17,0),1) -> 0 | J31: =(SUMPRODUCT('Piping Material List'!$AE$3:$AE$96,'Piping Material List'!$BA$3:$BA$96,'Piping Material List'!$DI$3:$DI$96,'Piping Material List'!EN$3:EN$96)+SUMPRODUCT('Piping Material List'!$AF$3:$AF$96,'Piping Material List'!$CC$3:$CC$96,'Piping Material List'!$DI$3:$DI$96,'Piping Material List'!EN$3:EN$96))*IF($C31="d-inches",0.75,1)*IF($C31="Ø-inches",VLOOKUP(0.75,'Thickness Tab'!$1:$1048576,17,0),1) -> 0 | K31: 15 | L31: =SUMPRODUCT(D31:J31,$D$29:$J$29)*K31 -> 0
A32: 2.1.1.3 | B32: Diameter 1 inches SW or BW | C32: d-inches | D32: =(SUMPRODUCT('Piping Material List'!$AE$3:$AE$96,'Piping Material List'!$BB$3:$BB$96,'Piping Material List'!$DI$3:$DI$96,'Piping Material List'!EH$3:EH$96)+SUMPRODUCT('Piping Material List'!$AF$3:$AF$96,'Piping Material List'!$CD$3:$CD$96,'Piping Material List'!$DI$3:$DI$96,'Piping Material List'!EH$3:EH$96))*IF($C32="d-inches",1,1)*IF($C32="Ø-inches",VLOOKUP(1,'Thickness Tab'!$1:$1048576,17,0),1) -> 0 | E32: =(SUMPRODUCT('Piping Material List'!$AE$3:$AE$96,'Piping Material List'!$BB$3:$BB$96,'Piping Material List'!$DI$3:$DI$96,'Piping Material List'!EI$3:EI$96)+SUMPRODUCT('Piping Material List'!$AF$3:$AF$96,'Piping Material List'!$CD$3:$CD$96,'Piping Material List'!$DI$3:$DI$96,'Piping Material List'!EI$3:EI$96))*IF($C32="d-inches",1,1)*IF($C32="Ø-inches",VLOOKUP(1,'Thickness Tab'!$1:$1048576,17,0),1) -> 0 | F32: =(SUMPRODUCT('Piping Material List'!$AE$3:$AE$96,'Piping Material List'!$BB$3:$BB$96,'Piping Material List'!$DI$3:$DI$96,'Piping Material List'!EJ$3:EJ$96)+SUMPRODUCT('Piping Material List'!$AF$3:$AF$96,'Piping Material List'!$CD$3:$CD$96,'Piping Material List'!$DI$3:$DI$96,'Piping Material List'!EJ$3:EJ$96))*IF($C32="d-inches",1,1)*IF($C32="Ø-inches",VLOOKUP(1,'Thickness Tab'!$1:$1048576,17,0),1) -> 0 | G32: =(SUMPRODUCT('Piping Material List'!$AE$3:$AE$96,'Piping Material List'!$BB$3:$BB$96,'Piping Material List'!$DI$3:$DI$96,'Piping Material List'!EK$3:EK$96)+SUMPRODUCT('Piping Material List'!$AF$3:$AF$96,'Piping Material List'!$CD$3:$CD$96,'Piping Material List'!$DI$3:$DI$96,'Piping Material List'!EK$3:EK$96))*IF($C32="d-inches",1,1)*IF($C32="Ø-inches",VLOOKUP(1,'Thickness Tab'!$1:$1048576,17,0),1) -> 0 | H32: =(SUMPRODUCT('Piping Material List'!$AE$3:$AE$96,'Piping Material List'!$BB$3:$BB$96,'Piping Material List'!$DI$3:$DI$96,'Piping Material List'!EL$3:EL$96)+SUMPRODUCT('Piping Material List'!$AF$3:$AF$96,'Piping Material List'!$CD$3:$CD$96,'Piping Material List'!$DI$3:$DI$96,'Piping Material List'!EL$3:EL$96))*IF($C32="d-inches",1,1)*IF($C32="Ø-inches",VLOOKUP(1,'Thickness Tab'!$1:$1048576,17,0),1) -> 0 | I32: =(SUMPRODUCT('Piping Material List'!$AE$3:$AE$96,'Piping Material List'!$BB$3:$BB$96,'Piping Material List'!$DI$3:$DI$96,'Piping Material List'!EM$3:EM$96)+SUMPRODUCT('Piping Material List'!$AF$3:$AF$96,'Piping Material List'!$CD$3:$CD$96,'Piping Material List'!$DI$3:$DI$96,'Piping Material List'!EM$3:EM$96))*IF($C32="d-inches",1,1)*IF($C32="Ø-inches",VLOOKUP(1,'Thickness Tab'!$1:$1048576,17,0),1) -> 0 | J32: =(SUMPRODUCT('Piping Material List'!$AE$3:$AE$96,'Piping Material List'!$BB$3:$BB$96,'Piping Material List'!$DI$3:$DI$96,'Piping Material List'!EN$3:EN$96)+SUMPRODUCT('Piping Material List'!$AF$3:$AF$96,'Piping Material List'!$CD$3:$CD$96,'Piping Material List'!$DI$3:$DI$96,'Piping Material List'!EN$3:EN$96))*IF($C32="d-inches",1,1)*IF($C32="Ø-inches",VLOOKUP(1,'Thickness Tab'!$1:$1048576,17,0),1) -> 0 | K32: 15 | L32: =SUMPRODUCT(D32:J32,$D$29:$J$29)*K32 -> 0
A33: 2.1.1.4 | B33: Diameter 1 1/2 inches SW or BW | C33: d-inches | D33: =(SUMPRODUCT('Piping Material List'!$AE$3:$AE$96,'Piping Material List'!$BC$3:$BC$96,'Piping Material List'!$DI$3:$DI$96,'Piping Material List'!EH$3:EH$96)+SUMPRODUCT('Piping Material List'!$AF$3:$AF$96,'Piping Material List'!$CE$3:$CE$96,'Piping Material List'!$DI$3:$DI$96,'Piping Material List'!EH$3:EH$96))*IF($C33="d-inches",1.5,1)*IF($C33="Ø-inches",VLOOKUP(1.5,'Thickness Tab'!$1:$1048576,17,0),1) -> 0 | E33: =(SUMPRODUCT('Piping Material List'!$AE$3:$AE$96,'Piping Material List'!$BC$3:$BC$96,'Piping Material List'!$DI$3:$DI$96,'Piping Material List'!EI$3:EI$96)+SUMPRODUCT('Piping Material List'!$AF$3:$AF$96,'Piping Material List'!$CE$3:$CE$96,'Piping Material List'!$DI$3:$DI$96,'Piping Material List'!EI$3:EI$96))*IF($C33="d-inches",1.5,1)*IF($C33="Ø-inches",VLOOKUP(1.5,'Thickness Tab'!$1:$1048576,17,0),1) -> 0 | F33: =(SUMPRODUCT('Piping Material List'!$AE$3:$AE$96,'Piping Material List'!$BC$3:$BC$96,'Piping Material List'!$DI$3:$DI$96,'Piping Material List'!EJ$3:EJ$96)+SUMPRODUCT('Piping Material List'!$AF$3:$AF$96,'Piping Material List'!$CE$3:$CE$96,'Piping Material List'!$DI$3:$DI$96,'Piping Material List'!EJ$3:EJ$96))*IF($C33="d-inches",1.5,1)*IF($C33="Ø-inches",VLOOKUP(1.5,'Thickness Tab'!$1:$1048576,17,0),1) -> 0 | G33: =(SUMPRODUCT('Piping Material List'!$AE$3:$AE$96,'Piping Material List'!$BC$3:$BC$96,'Piping Material List'!$DI$3:$DI$96,'Piping Material List'!EK$3:EK$96)+SUMPRODUCT('Piping Material List'!$AF$3:$AF$96,'Piping Material List'!$CE$3:$CE$96,'Piping Material List'!$DI$3:$DI$96,'Piping Material List'!EK$3:EK$96))*IF($C33="d-inches",1.5,1)*IF($C33="Ø-inches",VLOOKUP(1.5,'Thickness Tab'!$1:$1048576,17,0),1) -> 0 | H33: =(SUMPRODUCT('Piping Material List'!$AE$3:$AE$96,'Piping Material List'!$BC$3:$BC$96,'Piping Material List'!$DI$3:$DI$96,'Piping Material List'!EL$3:EL$96)+SUMPRODUCT('Piping Material List'!$AF$3:$AF$96,'Piping Material List'!$CE$3:$CE$96,'Piping Material List'!$DI$3:$DI$96,'Piping Material List'!EL$3:EL$96))*IF($C33="d-inches",1.5,1)*IF($C33="Ø-inches",VLOOKUP(1.5,'Thickness Tab'!$1:$1048576,17,0),1) -> 0 | I33: =(SUMPRODUCT('Piping Material List'!$AE$3:$AE$96,'Piping Material List'!$BC$3:$BC$96,'Piping Material List'!$DI$3:$DI$96,'Piping Material List'!EM$3:EM$96)+SUMPRODUCT('Piping Material List'!$AF$3:$AF$96,'Piping Material List'!$CE$3:$CE$96,'Piping Material List'!$DI$3:$DI$96,'Piping Material List'!EM$3:EM$96))*IF($C33="d-inches",1.5,1)*IF($C33="Ø-inches",VLOOKUP(1.5,'Thickness Tab'!$1:$1048576,17,0),1) -> 0 | J33: =(SUMPRODUCT('Piping Material List'!$AE$3:$AE$96,'Piping Material List'!$BC$3:$BC$96,'Piping Material List'!$DI$3:$DI$96,'Piping Material List'!EN$3:EN$96)+SUMPRODUCT('Piping Material List'!$AF$3:$AF$96,'Piping Material List'!$CE$3:$CE$96,'Piping Material List'!$DI$3:$DI$96,'Piping Material List'!EN$3:EN$96))*IF($C33="d-inches",1.5,1)*IF($C33="Ø-inches",VLOOKUP(1.5,'Thickness Tab'!$1:$1048576,17,0),1) -> 0 | K33: 15 | L33: =SUMPRODUCT(D33:J33,$D$29:$J$29)*K33 -> 0
A34: 2.1.1.5 | B34: Diameter 2 inches BW | C34: d-inches | D34: =(SUMPRODUCT('Piping Material List'!$AE$3:$AE$96,'Piping Material List'!$BD$3:$BD$96,'Piping Material List'!$DI$3:$DI$96,'Piping Material List'!EH$3:EH$96)+SUMPRODUCT('Piping Material List'!$AF$3:$AF$96,'Piping Material List'!$CF$3:$CF$96,'Piping Material List'!$DI$3:$DI$96,'Piping Material List'!EH$3:EH$96))*IF($C34="d-inches",2,1)*IF($C34="Ø-inches",VLOOKUP(2,'Thickness Tab'!$1:$1048576,17,0),1) -> 0 | E34: =(SUMPRODUCT('Piping Material List'!$AE$3:$AE$96,'Piping Material List'!$BD$3:$BD$96,'Piping Material List'!$DI$3:$DI$96,'Piping Material List'!EI$3:EI$96)+SUMPRODUCT('Piping Material List'!$AF$3:$AF$96,'Piping Material List'!$CF$3:$CF$96,'Piping Material List'!$DI$3:$DI$96,'Piping Material List'!EI$3:EI$96))*IF($C34="d-inches",2,1)*IF($C34="Ø-inches",VLOOKUP(2,'Thickness Tab'!$1:$1048576,17,0),1) -> 0 | F34: =(SUMPRODUCT('Piping Material List'!$AE$3:$AE$96,'Piping Material List'!$BD$3:$BD$96,'Piping Material List'!$DI$3:$DI$96,'Piping Material List'!EJ$3:EJ$96)+SUMPRODUCT('Piping Material List'!$AF$3:$AF$96,'Piping Material List'!$CF$3:$CF$96,'Piping Material List'!$DI$3:$DI$96,'Piping Material List'!EJ$3:EJ$96))*IF($C34="d-inches",2,1)*IF($C34="Ø-inches",VLOOKUP(2,'Thickness Tab'!$1:$1048576,17,0),1) -> 0 | G34: =(SUMPRODUCT('Piping Material List'!$AE$3:$AE$96,'Piping Material List'!$BD$3:$BD$96,'Piping Material List'!$DI$3:$DI$96,'Piping Material List'!EK$3:EK$96)+SUMPRODUCT('Piping Material List'!$AF$3:$AF$96,'Piping Material List'!$CF$3:$CF$96,'Piping Material List'!$DI$3:$DI$96,'Piping Material List'!EK$3:EK$96))*IF($C34="d-inches",2,1)*IF($C34="Ø-inches",VLOOKUP(2,'Thickness Tab'!$1:$1048576,17,0),1) -> 0 | H34: =(SUMPRODUCT('Piping Material List'!$AE$3:$AE$96,'Piping Material List'!$BD$3:$BD$96,'Piping Material List'!$DI$3:$DI$96,'Piping Material List'!EL$3:EL$96)+SUMPRODUCT('Piping Material List'!$AF$3:$AF$96,'Piping Material List'!$CF$3:$CF$96,'Piping Material List'!$DI$3:$DI$96,'Piping Material List'!EL$3:EL$96))*IF($C34="d-inches",2,1)*IF($C34="Ø-inches",VLOOKUP(2,'Thickness Tab'!$1:$1048576,17,0),1) -> 0 | I34: =(SUMPRODUCT('Piping Material List'!$AE$3:$AE$96,'Piping Material List'!$BD$3:$BD$96,'Piping Material List'!$DI$3:$DI$96,'Piping Material List'!EM$3:EM$96)+SUMPRODUCT('Piping Material List'!$AF$3:$AF$96,'Piping Material List'!$CF$3:$CF$96,'Piping Material List'!$DI$3:$DI$96,'Piping Material List'!EM$3:EM$96))*IF($C34="d-inches",2,1)*IF($C34="Ø-inches",VLOOKUP(2,'Thickness Tab'!$1:$1048576,17,0),1) -> 0 | J34: =(SUMPRODUCT('Piping Material List'!$AE$3:$AE$96,'Piping Material List'!$BD$3:$BD$96,'Piping Material List'!$DI$3:$DI$96,'Piping Material List'!EN$3:EN$96)+SUMPRODUCT('Piping Material List'!$AF$3:$AF$96,'Piping Material List'!$CF$3:$CF$96,'Piping Material List'!$DI$3:$DI$96,'Piping Material List'!EN$3:EN$96))*IF($C34="d-inches",2,1)*IF($C34="Ø-inches",VLOOKUP(2,'Thickness Tab'!$1:$1048576,17,0),1) -> 0 | K34: 15 | L34: =SUMPRODUCT(D34:J34,$D$29:$J$29)*K34 -> 0
A35: 2.1.1.6 | B35: Diameter 2 1/2 inches BW | C35: d-inches | D35: =(SUMPRODUCT('Piping Material List'!$AE$3:$AE$96,'Piping Material List'!$BE$3:$BE$96,'Piping Material List'!$DI$3:$DI$96,'Piping Material List'!EH$3:EH$96)+SUMPRODUCT('Piping Material List'!$AF$3:$AF$96,'Piping Material List'!$CG$3:$CG$96,'Piping Material List'!$DI$3:$DI$96,'Piping Material List'!EH$3:EH$96))*IF($C35="d-inches",2.5,1)*IF($C35="Ø-inches",VLOOKUP(2.5,'Thickness Tab'!$1:$1048576,17,0),1) -> 0 | E35: =(SUMPRODUCT('Piping Material List'!$AE$3:$AE$96,'Piping Material List'!$BE$3:$BE$96,'Piping Material List'!$DI$3:$DI$96,'Piping Material List'!EI$3:EI$96)+SUMPRODUCT('Piping Material List'!$AF$3:$AF$96,'Piping Material List'!$CG$3:$CG$96,'Piping Material List'!$DI$3:$DI$96,'Piping Material List'!EI$3:EI$96))*IF($C35="d-inches",2.5,1)*IF($C35="Ø-inches",VLOOKUP(2.5,'Thickness Tab'!$1:$1048576,17,0),1) -> 0 | F35: =(SUMPRODUCT('Piping Material List'!$AE$3:$AE$96,'Piping Material List'!$BE$3:$BE$96,'Piping Material List'!$DI$3:$DI$96,'Piping Material List'!EJ$3:EJ$96)+SUMPRODUCT('Piping Material List'!$AF$3:$AF$96,'Piping Material List'!$CG$3:$CG$96,'Piping Material List'!$DI$3:$DI$96,'Piping Material List'!EJ$3:EJ$96))*IF($C35="d-inches",2.5,1)*IF($C35="Ø-inches",VLOOKUP(2.5,'Thickness Tab'!$1:$1048576,17,0),1) -> 0 | G35: =(SUMPRODUCT('Piping Material List'!$AE$3:$AE$96,'Piping Material List'!$BE$3:$BE$96,'Piping Material List'!$DI$3:$DI$96,'Piping Material List'!EK$3:EK$96)+SUMPRODUCT('Piping Material List'!$AF$3:$AF$96,'Piping Material List'!$CG$3:$CG$96,'Piping Material List'!$DI$3:$DI$96,'Piping Material List'!EK$3:EK$96))*IF($C35="d-inches",2.5,1)*IF($C35="Ø-inches",VLOOKUP(2.5,'Thickness Tab'!$1:$1048576,17,0),1) -> 0 | H35: =(SUMPRODUCT('Piping Material List'!$AE$3:$AE$96,'Piping Material List'!$BE$3:$BE$96,'Piping Material List'!$DI$3:$DI$96,'Piping Material List'!EL$3:EL$96)+SUMPRODUCT('Piping Material List'!$AF$3:$AF$96,'Piping Material List'!$CG$3:$CG$96,'Piping Material List'!$DI$3:$DI$96,'Piping Material List'!EL$3:EL$96))*IF($C35="d-inches",2.5,1)*IF($C35="Ø-inches",VLOOKUP(2.5,'Thickness Tab'!$1:$1048576,17,0),1) -> 0 | I35: =(SUMPRODUCT('Piping Material List'!$AE$3:$AE$96,'Piping Material List'!$BE$3:$BE$96,'Piping Material List'!$DI$3:$DI$96,'Piping Material List'!EM$3:EM$96)+SUMPRODUCT('Piping Material List'!$AF$3:$AF$96,'Piping Material List'!$CG$3:$CG$96,'Piping Material List'!$DI$3:$DI$96,'Piping Material List'!EM$3:EM$96))*IF($C35="d-inches",2.5,1)*IF($C35="Ø-inches",VLOOKUP(2.5,'Thickness Tab'!$1:$1048576,17,0),1) -> 0 | J35: =(SUMPRODUCT('Piping Material List'!$AE$3:$AE$96,'Piping Material List'!$BE$3:$BE$96,'Piping Material List'!$DI$3:$DI$96,'Piping Material List'!EN$3:EN$96)+SUMPRODUCT('Piping Material List'!$AF$3:$AF$96,'Piping Material List'!$CG$3:$CG$96,'Piping Material List'!$DI$3:$DI$96,'Piping Material List'!EN$3:EN$96))*IF($C35="d-inches",2.5,1)*IF($C35="Ø-inches",VLOOKUP(2.5,'Thickness Tab'!$1:$1048576,17,0),1) -> 0 | K35: 15 | L35: =SUMPRODUCT(D35:J35,$D$29:$J$29)*K35 -> 0
A36: 2.1.1.7 | B36: Diameter 3 inches BW | C36: d-inches | D36: =(SUMPRODUCT('Piping Material List'!$AE$3:$AE$96,'Piping Material List'!$BF$3:$BF$96,'Piping Material List'!$DI$3:$DI$96,'Piping Material List'!EH$3:EH$96)+SUMPRODUCT('Piping Material List'!$AF$3:$AF$96,'Piping Material List'!$CH$3:$CH$96,'Piping Material List'!$DI$3:$DI$96,'Piping Material List'!EH$3:EH$96))*IF($C36="d-inches",3,1)*IF($C36="Ø-inches",VLOOKUP(3,'Thickness Tab'!$1:$1048576,17,0),1) -> 28.8 | E36: =(SUMPRODUCT('Piping Material List'!$AE$3:$AE$96,'Piping Material List'!$BF$3:$BF$96,'Piping Material List'!$DI$3:$DI$96,'Piping Material List'!EI$3:EI$96)+SUMPRODUCT('Piping Material List'!$AF$3:$AF$96,'Piping Material List'!$CH$3:$CH$96,'Piping Material List'!$DI$3:$DI$96,'Piping Material List'!EI$3:EI$96))*IF($C36="d-inches",3,1)*IF($C36="Ø-inches",VLOOKUP(3,'Thickness Tab'!$1:$1048576,17,0),1) -> 0 | F36: =(SUMPRODUCT('Piping Material List'!$AE$3:$AE$96,'Piping Material List'!$BF$3:$BF$96,'Piping Material List'!$DI$3:$DI$96,'Piping Material List'!EJ$3:EJ$96)+SUMPRODUCT('Piping Material List'!$AF$3:$AF$96,'Piping Material List'!$CH$3:$CH$96,'Piping Material List'!$DI$3:$DI$96,'Piping Material List'!EJ$3:EJ$96))*IF($C36="d-inches",3,1)*IF($C36="Ø-inches",VLOOKUP(3,'Thickness Tab'!$1:$1048576,17,0),1) -> 0 | G36: =(SUMPRODUCT('Piping Material List'!$AE$3:$AE$96,'Piping Material List'!$BF$3:$BF$96,'Piping Material List'!$DI$3:$DI$96,'Piping Material List'!EK$3:EK$96)+SUMPRODUCT('Piping Material List'!$AF$3:$AF$96,'Piping Material List'!$CH$3:$CH$96,'Piping Material List'!$DI$3:$DI$96,'Piping Material List'!EK$3:EK$96))*IF($C36="d-inches",3,1)*IF($C36="Ø-inches",VLOOKUP(3,'Thickness Tab'!$1:$1048576,17,0),1) -> 0 | H36: =(SUMPRODUCT('Piping Material List'!$AE$3:$AE$96,'Piping Material List'!$BF$3:$BF$96,'Piping Material List'!$DI$3:$DI$96,'Piping Material List'!EL$3:EL$96)+SUMPRODUCT('Piping Material List'!$AF$3:$AF$96,'Piping Material List'!$CH$3:$CH$96,'Piping Material List'!$DI$3:$DI$96,'Piping Material List'!EL$3:EL$96))*IF($C36="d-inches",3,1)*IF($C36="Ø-inches",VLOOKUP(3,'Thickness Tab'!$1:$1048576,17,0),1) -> 0 | I36: =(SUMPRODUCT('Piping Material List'!$AE$3:$AE$96,'Piping Material List'!$BF$3:$BF$96,'Piping Material List'!$DI$3:$DI$96,'Piping Material List'!EM$3:EM$96)+SUMPRODUCT('Piping Material List'!$AF$3:$AF$96,'Piping Material List'!$CH$3:$CH$96,'Piping Material List'!$DI$3:$DI$96,'Piping Material List'!EM$3:EM$96))*IF($C36="d-inches",3,1)*IF($C36="Ø-inches",VLOOKUP(3,'Thickness Tab'!$1:$1048576,17,0),1) -> 0 | J36: =(SUMPRODUCT('Piping Material List'!$AE$3:$AE$96,'Piping Material List'!$BF$3:$BF$96,'Piping Material List'!$DI$3:$DI$96,'Piping Material List'!EN$3:EN$96)+SUMPRODUCT('Piping Material List'!$AF$3:$AF$96,'Piping Material List'!$CH$3:$CH$96,'Piping Material List'!$DI$3:$DI$96,'Piping Material List'!EN$3:EN$96))*IF($C36="d-inches",3,1)*IF($C36="Ø-inches",VLOOKUP(3,'Thickness Tab'!$1:$1048576,17,0),1) -> 0 | K36: 15 | L36: =SUMPRODUCT(D36:J36,$D$29:$J$29)*K36 -> 432
A37: 2.1.1.8 | B37: Diameter 4 inches BW | C37: d-inches | D37: =(SUMPRODUCT('Piping Material List'!$AE$3:$AE$96,'Piping Material List'!$BG$3:$BG$96,'Piping Material List'!$DI$3:$DI$96,'Piping Material List'!EH$3:EH$96)+SUMPRODUCT('Piping Material List'!$AF$3:$AF$96,'Piping Material List'!$CI$3:$CI$96,'Piping Material List'!$DI$3:$DI$96,'Piping Material List'!EH$3:EH$96))*IF($C37="d-inches",4,1)*IF($C37="Ø-inches",VLOOKUP(4,'Thickness Tab'!$1:$1048576,17,0),1) -> 256 | E37: =(SUMPRODUCT('Piping Material List'!$AE$3:$AE$96,'Piping Material List'!$BG$3:$BG$96,'Piping Material List'!$DI$3:$DI$96,'Piping Material List'!EI$3:EI$96)+SUMPRODUCT('Piping Material List'!$AF$3:$AF$96,'Piping Material List'!$CI$3:$CI$96,'Piping Material List'!$DI$3:$DI$96,'Piping Material List'!EI$3:EI$96))*IF($C37="d-inches",4,1)*IF($C37="Ø-inches",VLOOKUP(4,'Thickness Tab'!$1:$1048576,17,0),1) -> 0 | F37: =(SUMPRODUCT('Piping Material List'!$AE$3:$AE$96,'Piping Material List'!$BG$3:$BG$96,'Piping Material List'!$DI$3:$DI$96,'Piping Material List'!EJ$3:EJ$96)+SUMPRODUCT('Piping Material List'!$AF$3:$AF$96,'Piping Material List'!$CI$3:$CI$96,'Piping Material List'!$DI$3:$DI$96,'Piping Material List'!EJ$3:EJ$96))*IF($C37="d-inches",4,1)*IF($C37="Ø-inches",VLOOKUP(4,'Thickness Tab'!$1:$1048576,17,0),1) -> 0 | G37: =(SUMPRODUCT('Piping Material List'!$AE$3:$AE$96,'Piping Material List'!$BG$3:$BG$96,'Piping Material List'!$DI$3:$DI$96,'Piping Material List'!EK$3:EK$96)+SUMPRODUCT('Piping Material List'!$AF$3:$AF$96,'Piping Material List'!$CI$3:$CI$96,'Piping Material List'!$DI$3:$DI$96,'Piping Material List'!EK$3:EK$96))*IF($C37="d-inches",4,1)*IF($C37="Ø-inches",VLOOKUP(4,'Thickness Tab'!$1:$1048576,17,0),1) -> 0 | H37: =(SUMPRODUCT('Piping Material List'!$AE$3:$AE$96,'Piping Material List'!$BG$3:$BG$96,'Piping Material List'!$DI$3:$DI$96,'Piping Material List'!EL$3:EL$96)+SUMPRODUCT('Piping Material List'!$AF$3:$AF$96,'Piping Material List'!$CI$3:$CI$96,'Piping Material List'!$DI$3:$DI$96,'Piping Material List'!EL$3:EL$96))*IF($C37="d-inches",4,1)*IF($C37="Ø-inches",VLOOKUP(4,'Thickness Tab'!$1:$1048576,17,0),1) -> 0 | I37: =(SUMPRODUCT('Piping Material List'!$AE$3:$AE$96,'Piping Material List'!$BG$3:$BG$96,'Piping Material List'!$DI$3:$DI$96,'Piping Material List'!EM$3:EM$96)+SUMPRODUCT('Piping Material List'!$AF$3:$AF$96,'Piping Material List'!$CI$3:$CI$96,'Piping Material List'!$DI$3:$DI$96,'Piping Material List'!EM$3:EM$96))*IF($C37="d-inches",4,1)*IF($C37="Ø-inches",VLOOKUP(4,'Thickness Tab'!$1:$1048576,17,0),1) -> 0 | J37: =(SUMPRODUCT('Piping Material List'!$AE$3:$AE$96,'Piping Material List'!$BG$3:$BG$96,'Piping Material List'!$DI$3:$DI$96,'Piping Material List'!EN$3:EN$96)+SUMPRODUCT('Piping Material List'!$AF$3:$AF$96,'Piping Material List'!$CI$3:$CI$96,'Piping Material List'!$DI$3:$DI$96,'Piping Material List'!EN$3:EN$96))*IF($C37="d-inches",4,1)*IF($C37="Ø-inches",VLOOKUP(4,'Thickness Tab'!$1:$1048576,17,0),1) -> 0 | K37: 15 | L37: =SUMPRODUCT(D37:J37,$D$29:$J$29)*K37 -> 3840
A38: 2.1.1.9 | B38: Diameter 6 inches BW | C38: d-inches | D38: =(SUMPRODUCT('Piping Material List'!$AE$3:$AE$96,'Piping Material List'!$BH$3:$BH$96,'Piping Material List'!$DI$3:$DI$96,'Piping Material List'!EH$3:EH$96)+SUMPRODUCT('Piping Material List'!$AF$3:$AF$96,'Piping Material List'!$CJ$3:$CJ$96,'Piping Material List'!$DI$3:$DI$96,'Piping Material List'!EH$3:EH$96))*IF($C38="d-inches",6,1)*IF($C38="Ø-inches",VLOOKUP(6,'Thickness Tab'!$1:$1048576,17,0),1) -> 0 | E38: =(SUMPRODUCT('Piping Material List'!$AE$3:$AE$96,'Piping Material List'!$BH$3:$BH$96,'Piping Material List'!$DI$3:$DI$96,'Piping Material List'!EI$3:EI$96)+SUMPRODUCT('Piping Material List'!$AF$3:$AF$96,'Piping Material List'!$CJ$3:$CJ$96,'Piping Material List'!$DI$3:$DI$96,'Piping Material List'!EI$3:EI$96))*IF($C38="d-inches",6,1)*IF($C38="Ø-inches",VLOOKUP(6,'Thickness Tab'!$1:$1048576,17,0),1) -> 0 | F38: =(SUMPRODUCT('Piping Material List'!$AE$3:$AE$96,'Piping Material List'!$BH$3:$BH$96,'Piping Material List'!$DI$3:$DI$96,'Piping Material List'!EJ$3:EJ$96)+SUMPRODUCT('Piping Material List'!$AF$3:$AF$96,'Piping Material List'!$CJ$3:$CJ$96,'Piping Material List'!$DI$3:$DI$96,'Piping Material List'!EJ$3:EJ$96))*IF($C38="d-inches",6,1)*IF($C38="Ø-inches",VLOOKUP(6,'Thickness Tab'!$1:$1048576,17,0),1) -> 0 | G38: =(SUMPRODUCT('Piping Material List'!$AE$3:$AE$96,'Piping Material List'!$BH$3:$BH$96,'Piping Material List'!$DI$3:$DI$96,'Piping Material List'!EK$3:EK$96)+SUMPRODUCT('Piping Material List'!$AF$3:$AF$96,'Piping Material List'!$CJ$3:$CJ$96,'Piping Material List'!$DI$3:$DI$96,'Piping Material List'!EK$3:EK$96))*IF($C38="d-inches",6,1)*IF($C38="Ø-inches",VLOOKUP(6,'Thickness Tab'!$1:$1048576,17,0),1) -> 0 | H38: =(SUMPRODUCT('Piping Material List'!$AE$3:$AE$96,'Piping Material List'!$BH$3:$BH$96,'Piping Material List'!$DI$3:$DI$96,'Piping Material List'!EL$3:EL$96)+SUMPRODUCT('Piping Material List'!$AF$3:$AF$96,'Piping Material List'!$CJ$3:$CJ$96,'Piping Material List'!$DI$3:$DI$96,'Piping Material List'!EL$3:EL$96))*IF($C38="d-inches",6,1)*IF($C38="Ø-inches",VLOOKUP(6,'Thickness Tab'!$1:$1048576,17,0),1) -> 0 | I38: =(SUMPRODUCT('Piping Material List'!$AE$3:$AE$96,'Piping Material List'!$BH$3:$BH$96,'Piping Material List'!$DI$3:$DI$96,'Piping Material List'!EM$3:EM$96)+SUMPRODUCT('Piping Material List'!$AF$3:$AF$96,'Piping Material List'!$CJ$3:$CJ$96,'Piping Material List'!$DI$3:$DI$96,'Piping Material List'!EM$3:EM$96))*IF($C38="d-inches",6,1)*IF($C38="Ø-inches",VLOOKUP(6,'Thickness Tab'!$1:$1048576,17,0),1) -> 0 | J38: =(SUMPRODUCT('Piping Material List'!$AE$3:$AE$96,'Piping Material List'!$BH$3:$BH$96,'Piping Material List'!$DI$3:$DI$96,'Piping Material List'!EN$3:EN$96)+SUMPRODUCT('Piping Material List'!$AF$3:$AF$96,'Piping Material List'!$CJ$3:$CJ$96,'Piping Material List'!$DI$3:$DI$96,'Piping Material List'!EN$3:EN$96))*IF($C38="d-inches",6,1)*IF($C38="Ø-inches",VLOOKUP(6,'Thickness Tab'!$1:$1048576,17,0),1) -> 0 | K38: 15 | L38: =SUMPRODUCT(D38:J38,$D$29:$J$29)*K38 -> 0
A39: 2.1.1.10 | B39: Diameter 8 inches BW | C39: d-inches | D39: =(SUMPRODUCT('Piping Material List'!$AE$3:$AE$96,'Piping Material List'!$BI$3:$BI$96,'Piping Material List'!$DI$3:$DI$96,'Piping Material List'!EH$3:EH$96)+SUMPRODUCT('Piping Material List'!$AF$3:$AF$96,'Piping Material List'!$CK$3:$CK$96,'Piping Material List'!$DI$3:$DI$96,'Piping Material List'!EH$3:EH$96))*IF($C39="d-inches",8,1)*IF($C39="Ø-inches",VLOOKUP(8,'Thickness Tab'!$1:$1048576,17,0),1) -> 0 | E39: =(SUMPRODUCT('Piping Material List'!$AE$3:$AE$96,'Piping Material List'!$BI$3:$BI$96,'Piping Material List'!$DI$3:$DI$96,'Piping Material List'!EI$3:EI$96)+SUMPRODUCT('Piping Material List'!$AF$3:$AF$96,'Piping Material List'!$CK$3:$CK$96,'Piping Material List'!$DI$3:$DI$96,'Piping Material List'!EI$3:EI$96))*IF($C39="d-inches",8,1)*IF($C39="Ø-inches",VLOOKUP(8,'Thickness Tab'!$1:$1048576,17,0),1) -> 0 | F39: =(SUMPRODUCT('Piping Material List'!$AE$3:$AE$96,'Piping Material List'!$BI$3:$BI$96,'Piping Material List'!$DI$3:$DI$96,'Piping Material List'!EJ$3:EJ$96)+SUMPRODUCT('Piping Material List'!$AF$3:$AF$96,'Piping Material List'!$CK$3:$CK$96,'Piping Material List'!$DI$3:$DI$96,'Piping Material List'!EJ$3:EJ$96))*IF($C39="d-inches",8,1)*IF($C39="Ø-inches",VLOOKUP(8,'Thickness Tab'!$1:$1048576,17,0),1) -> 0 | G39: =(SUMPRODUCT('Piping Material List'!$AE$3:$AE$96,'Piping Material List'!$BI$3:$BI$96,'Piping Material List'!$DI$3:$DI$96,'Piping Material List'!EK$3:EK$96)+SUMPRODUCT('Piping Material List'!$AF$3:$AF$96,'Piping Material List'!$CK$3:$CK$96,'Piping Material List'!$DI$3:$DI$96,'Piping Material List'!EK$3:EK$96))*IF($C39="d-inches",8,1)*IF($C39="Ø-inches",VLOOKUP(8,'Thickness Tab'!$1:$1048576,17,0),1) -> 0 | H39: =(SUMPRODUCT('Piping Material List'!$AE$3:$AE$96,'Piping Material List'!$BI$3:$BI$96,'Piping Material List'!$DI$3:$DI$96,'Piping Material List'!EL$3:EL$96)+SUMPRODUCT('Piping Material List'!$AF$3:$AF$96,'Piping Material List'!$CK$3:$CK$96,'Piping Material List'!$DI$3:$DI$96,'Piping Material List'!EL$3:EL$96))*IF($C39="d-inches",8,1)*IF($C39="Ø-inches",VLOOKUP(8,'Thickness Tab'!$1:$1048576,17,0),1) -> 0 | I39: =(SUMPRODUCT('Piping Material List'!$AE$3:$AE$96,'Piping Material List'!$BI$3:$BI$96,'Piping Material List'!$DI$3:$DI$96,'Piping Material List'!EM$3:EM$96)+SUMPRODUCT('Piping Material List'!$AF$3:$AF$96,'Piping Material List'!$CK$3:$CK$96,'Piping Material List'!$DI$3:$DI$96,'Piping Material List'!EM$3:EM$96))*IF($C39="d-inches",8,1)*IF($C39="Ø-inches",VLOOKUP(8,'Thickness Tab'!$1:$1048576,17,0),1) -> 0 | J39: =(SUMPRODUCT('Piping Material List'!$AE$3:$AE$96,'Piping Material List'!$BI$3:$BI$96,'Piping Material List'!$DI$3:$DI$96,'Piping Material List'!EN$3:EN$96)+SUMPRODUCT('Piping Material List'!$AF$3:$AF$96,'Piping Material List'!$CK$3:$CK$96,'Piping Material List'!$DI$3:$DI$96,'Piping Material List'!EN$3:EN$96))*IF($C39="d-inches",8,1)*IF($C39="Ø-inches",VLOOKUP(8,'Thickness Tab'!$1:$1048576,17,0),1) -> 0 | K39: 15 | L39: =SUMPRODUCT(D39:J39,$D$29:$J$29)*K39 -> 0
A40: 2.1.1.11 | B40: Diameter 10 inches BW | C40: d-inches | D40: =(SUMPRODUCT('Piping Material List'!$AE$3:$AE$96,'Piping Material List'!$BJ$3:$BJ$96,'Piping Material List'!$DI$3:$DI$96,'Piping Material List'!EH$3:EH$96)+SUMPRODUCT('Piping Material List'!$AF$3:$AF$96,'Piping Material List'!$CL$3:$CL$96,'Piping Material List'!$DI$3:$DI$96,'Piping Material List'!EH$3:EH$96))*IF($C40="d-inches",10,1)*IF($C40="Ø-inches",VLOOKUP(10,'Thickness Tab'!$1:$1048576,17,0),1) -> 0 | E40: =(SUMPRODUCT('Piping Material List'!$AE$3:$AE$96,'Piping Material List'!$BJ$3:$BJ$96,'Piping Material List'!$DI$3:$DI$96,'Piping Material List'!EI$3:EI$96)+SUMPRODUCT('Piping Material List'!$AF$3:$AF$96,'Piping Material List'!$CL$3:$CL$96,'Piping Material List'!$DI$3:$DI$96,'Piping Material List'!EI$3:EI$96))*IF($C40="d-inches",10,1)*IF($C40="Ø-inches",VLOOKUP(10,'Thickness Tab'!$1:$1048576,17,0),1) -> 0 | F40: =(SUMPRODUCT('Piping Material List'!$AE$3:$AE$96,'Piping Material List'!$BJ$3:$BJ$96,'Piping Material List'!$DI$3:$DI$96,'Piping Material List'!EJ$3:EJ$96)+SUMPRODUCT('Piping Material List'!$AF$3:$AF$96,'Piping Material List'!$CL$3:$CL$96,'Piping Material List'!$DI$3:$DI$96,'Piping Material List'!EJ$3:EJ$96))*IF($C40="d-inches",10,1)*IF($C40="Ø-inches",VLOOKUP(10,'Thickness Tab'!$1:$1048576,17,0),1) -> 0 | G40: =(SUMPRODUCT('Piping Material List'!$AE$3:$AE$96,'Piping Material List'!$BJ$3:$BJ$96,'Piping Material List'!$DI$3:$DI$96,'Piping Material List'!EK$3:EK$96)+SUMPRODUCT('Piping Material List'!$AF$3:$AF$96,'Piping Material List'!$CL$3:$CL$96,'Piping Material List'!$DI$3:$DI$96,'Piping Material List'!EK$3:EK$96))*IF($C40="d-inches",10,1)*IF($C40="Ø-inches",VLOOKUP(10,'Thickness Tab'!$1:$1048576,17,0),1) -> 0 | H40: =(SUMPRODUCT('Piping Material List'!$AE$3:$AE$96,'Piping Material List'!$BJ$3:$BJ$96,'Piping Material List'!$DI$3:$DI$96,'Piping Material List'!EL$3:EL$96)+SUMPRODUCT('Piping Material List'!$AF$3:$AF$96,'Piping Material List'!$CL$3:$CL$96,'Piping Material List'!$DI$3:$DI$96,'Piping Material List'!EL$3:EL$96))*IF($C40="d-inches",10,1)*IF($C40="Ø-inches",VLOOKUP(10,'Thickness Tab'!$1:$1048576,17,0),1) -> 0 | I40: =(SUMPRODUCT('Piping Material List'!$AE$3:$AE$96,'Piping Material List'!$BJ$3:$BJ$96,'Piping Material List'!$DI$3:$DI$96,'Piping Material List'!EM$3:EM$96)+SUMPRODUCT('Piping Material List'!$AF$3:$AF$96,'Piping Material List'!$CL$3:$CL$96,'Piping Material List'!$DI$3:$DI$96,'Piping Material List'!EM$3:EM$96))*IF($C40="d-inches",10,1)*IF($C40="Ø-inches",VLOOKUP(10,'Thickness Tab'!$1:$1048576,17,0),1) -> 0 | J40: =(SUMPRODUCT('Piping Material List'!$AE$3:$AE$96,'Piping Material List'!$BJ$3:$BJ$96,'Piping Material List'!$DI$3:$DI$96,'Piping Material List'!EN$3:EN$96)+SUMPRODUCT('Piping Material List'!$AF$3:$AF$96,'Piping Material List'!$CL$3:$CL$96,'Piping Material List'!$DI$3:$DI$96,'Piping Material List'!EN$3:EN$96))*IF($C40="d-inches",10,1)*IF($C40="Ø-inches",VLOOKUP(10,'Thickness Tab'!$1:$1048576,17,0),1) -> 0 | K40: 15 | L40: =SUMPRODUCT(D40:J40,$D$29:$J$29)*K40 -> 0
A41: 2.1.1.12 | B41: Diameter 12 inches BW | C41: d-inches | D41: =(SUMPRODUCT('Piping Material List'!$AE$3:$AE$96,'Piping Material List'!$BK$3:$BK$96,'Piping Material List'!$DI$3:$DI$96,'Piping Material List'!EH$3:EH$96)+SUMPRODUCT('Piping Material List'!$AF$3:$AF$96,'Piping Material List'!$CM$3:$CM$96,'Piping Material List'!$DI$3:$DI$96,'Piping Material List'!EH$3:EH$96))*IF($C41="d-inches",12,1)*IF($C41="Ø-inches",VLOOKUP(12,'Thickness Tab'!$1:$1048576,17,0),1) -> 0 | E41: =(SUMPRODUCT('Piping Material List'!$AE$3:$AE$96,'Piping Material List'!$BK$3:$BK$96,'Piping Material List'!$DI$3:$DI$96,'Piping Material List'!EI$3:EI$96)+SUMPRODUCT('Piping Material List'!$AF$3:$AF$96,'Piping Material List'!$CM$3:$CM$96,'Piping Material List'!$DI$3:$DI$96,'Piping Material List'!EI$3:EI$96))*IF($C41="d-inches",12,1)*IF($C41="Ø-inches",VLOOKUP(12,'Thickness Tab'!$1:$1048576,17,0),1) -> 0 | F41: =(SUMPRODUCT('Piping Material List'!$AE$3:$AE$96,'Piping Material List'!$BK$3:$BK$96,'Piping Material List'!$DI$3:$DI$96,'Piping Material List'!EJ$3:EJ$96)+SUMPRODUCT('Piping Material List'!$AF$3:$AF$96,'Piping Material List'!$CM$3:$CM$96,'Piping Material List'!$DI$3:$DI$96,'Piping Material List'!EJ$3:EJ$96))*IF($C41="d-inches",12,1)*IF($C41="Ø-inches",VLOOKUP(12,'Thickness Tab'!$1:$1048576,17,0),1) -> 0 | G41: =(SUMPRODUCT('Piping Material List'!$AE$3:$AE$96,'Piping Material List'!$BK$3:$BK$96,'Piping Material List'!$DI$3:$DI$96,'Piping Material List'!EK$3:EK$96)+SUMPRODUCT('Piping Material List'!$AF$3:$AF$96,'Piping Material List'!$CM$3:$CM$96,'Piping Material List'!$DI$3:$DI$96,'Piping Material List'!EK$3:EK$96))*IF($C41="d-inches",12,1)*IF($C41="Ø-inches",VLOOKUP(12,'Thickness Tab'!$1:$1048576,17,0),1) -> 0 | H41: =(SUMPRODUCT('Piping Material List'!$AE$3:$AE$96,'Piping Material List'!$BK$3:$BK$96,'Piping Material List'!$DI$3:$DI$96,'Piping Material List'!EL$3:EL$96)+SUMPRODUCT('Piping Material List'!$AF$3:$AF$96,'Piping Material List'!$CM$3:$CM$96,'Piping Material List'!$DI$3:$DI$96,'Piping Material List'!EL$3:EL$96))*IF($C41="d-inches",12,1)*IF($C41="Ø-inches",VLOOKUP(12,'Thickness Tab'!$1:$1048576,17,0),1) -> 0 | I41: =(SUMPRODUCT('Piping Material List'!$AE$3:$AE$96,'Piping Material List'!$BK$3:$BK$96,'Piping Material List'!$DI$3:$DI$96,'Piping Material List'!EM$3:EM$96)+SUMPRODUCT('Piping Material List'!$AF$3:$AF$96,'Piping Material List'!$CM$3:$CM$96,'Piping Material List'!$DI$3:$DI$96,'Piping Material List'!EM$3:EM$96))*IF($C41="d-inches",12,1)*IF($C41="Ø-inches",VLOOKUP(12,'Thickness Tab'!$1:$1048576,17,0),1) -> 0 | J41: =(SUMPRODUCT('Piping Material List'!$AE$3:$AE$96,'Piping Material List'!$BK$3:$BK$96,'Piping Material List'!$DI$3:$DI$96,'Piping Material List'!EN$3:EN$96)+SUMPRODUCT('Piping Material List'!$AF$3:$AF$96,'Piping Material List'!$CM$3:$CM$96,'Piping Material List'!$DI$3:$DI$96,'Piping Material List'!EN$3:EN$96))*IF($C41="d-inches",12,1)*IF($C41="Ø-inches",VLOOKUP(12,'Thickness Tab'!$1:$1048576,17,0),1) -> 0 | K41: 15 | L41: =SUMPRODUCT(D41:J41,$D$29:$J$29)*K41 -> 0
A42: 2.1.1.13 | B42: Diameter 14 inches BW | C42: d-inches | D42: =(SUMPRODUCT('Piping Material List'!$AE$3:$AE$96,'Piping Material List'!$BL$3:$BL$96,'Piping Material List'!$DI$3:$DI$96,'Piping Material List'!EH$3:EH$96)+SUMPRODUCT('Piping Material List'!$AF$3:$AF$96,'Piping Material List'!$CN$3:$CN$96,'Piping Material List'!$DI$3:$DI$96,'Piping Material List'!EH$3:EH$96))*IF($C42="d-inches",14,1)*IF($C42="Ø-inches",VLOOKUP(14,'Thickness Tab'!$1:$1048576,17,0),1) -> 0 | E42: =(SUMPRODUCT('Piping Material List'!$AE$3:$AE$96,'Piping Material List'!$BL$3:$BL$96,'Piping Material List'!$DI$3:$DI$96,'Piping Material List'!EI$3:EI$96)+SUMPRODUCT('Piping Material List'!$AF$3:$AF$96,'Piping Material List'!$CN$3:$CN$96,'Piping Material List'!$DI$3:$DI$96,'Piping Material List'!EI$3:EI$96))*IF($C42="d-inches",14,1)*IF($C42="Ø-inches",VLOOKUP(14,'Thickness Tab'!$1:$1048576,17,0),1) -> 0 | F42: =(SUMPRODUCT('Piping Material List'!$AE$3:$AE$96,'Piping Material List'!$BL$3:$BL$96,'Piping Material List'!$DI$3:$DI$96,'Piping Material List'!EJ$3:EJ$96)+SUMPRODUCT('Piping Material List'!$AF$3:$AF$96,'Piping Material List'!$CN$3:$CN$96,'Piping Material List'!$DI$3:$DI$96,'Piping Material List'!EJ$3:EJ$96))*IF($C42="d-inches",14,1)*IF($C42="Ø-inches",VLOOKUP(14,'Thickness Tab'!$1:$1048576,17,0),1) -> 0 | G42: =(SUMPRODUCT('Piping Material List'!$AE$3:$AE$96,'Piping Material List'!$BL$3:$BL$96,'Piping Material List'!$DI$3:$DI$96,'Piping Material List'!EK$3:EK$96)+SUMPRODUCT('Piping Material List'!$AF$3:$AF$96,'Piping Material List'!$CN$3:$CN$96,'Piping Material List'!$DI$3:$DI$96,'Piping Material List'!EK$3:EK$96))*IF($C42="d-inches",14,1)*IF($C42="Ø-inches",VLOOKUP(14,'Thickness Tab'!$1:$1048576,17,0),1) -> 0 | H42: =(SUMPRODUCT('Piping Material List'!$AE$3:$AE$96,'Piping Material List'!$BL$3:$BL$96,'Piping Material List'!$DI$3:$DI$96,'Piping Material List'!EL$3:EL$96)+SUMPRODUCT('Piping Material List'!$AF$3:$AF$96,'Piping Material List'!$CN$3:$CN$96,'Piping Material List'!$DI$3:$DI$96,'Piping Material List'!EL$3:EL$96))*IF($C42="d-inches",14,1)*IF($C42="Ø-inches",VLOOKUP(14,'Thickness Tab'!$1:$1048576,17,0),1) -> 0 | I42: =(SUMPRODUCT('Piping Material List'!$AE$3:$AE$96,'Piping Material List'!$BL$3:$BL$96,'Piping Material List'!$DI$3:$DI$96,'Piping Material List'!EM$3:EM$96)+SUMPRODUCT('Piping Material List'!$AF$3:$AF$96,'Piping Material List'!$CN$3:$CN$96,'Piping Material List'!$DI$3:$DI$96,'Piping Material List'!EM$3:EM$96))*IF($C42="d-inches",14,1)*IF($C42="Ø-inches",VLOOKUP(14,'Thickness Tab'!$1:$1048576,17,0),1) -> 0 | J42: =(SUMPRODUCT('Piping Material List'!$AE$3:$AE$96,'Piping Material List'!$BL$3:$BL$96,'Piping Material List'!$DI$3:$DI$96,'Piping Material List'!EN$3:EN$96)+SUMPRODUCT('Piping Material List'!$AF$3:$AF$96,'Piping Material List'!$CN$3:$CN$96,'Piping Material List'!$DI$3:$DI$96,'Piping Material List'!EN$3:EN$96))*IF($C42="d-inches",14,1)*IF($C42="Ø-inches",VLOOKUP(14,'Thickness Tab'!$1:$1048576,17,0),1) -> 0 | K42: 15 | L42: =SUMPRODUCT(D42:J42,$D$29:$J$29)*K42 -> 0
A43: 2.1.1.14 | B43: Diameter 16 inches BW | C43: d-inches | D43: =(SUMPRODUCT('Piping Material List'!$AE$3:$AE$96,'Piping Material List'!$BM$3:$BM$96,'Piping Material List'!$DI$3:$DI$96,'Piping Material List'!EH$3:EH$96)+SUMPRODUCT('Piping Material List'!$AF$3:$AF$96,'Piping Material List'!$CO$3:$CO$96,'Piping Material List'!$DI$3:$DI$96,'Piping Material List'!EH$3:EH$96))*IF($C43="d-inches",16,1)*IF($C43="Ø-inches",VLOOKUP(16,'Thickness Tab'!$1:$1048576,17,0),1) -> 0 | E43: =(SUMPRODUCT('Piping Material List'!$AE$3:$AE$96,'Piping Material List'!$BM$3:$BM$96,'Piping Material List'!$DI$3:$DI$96,'Piping Material List'!EI$3:EI$96)+SUMPRODUCT('Piping Material List'!$AF$3:$AF$96,'Piping Material List'!$CO$3:$CO$96,'Piping Material List'!$DI$3:$DI$96,'Piping Material List'!EI$3:EI$96))*IF($C43="d-inches",16,1)*IF($C43="Ø-inches",VLOOKUP(16,'Thickness Tab'!$1:$1048576,17,0),1) -> 0 | F43: =(SUMPRODUCT('Piping Material List'!$AE$3:$AE$96,'Piping Material List'!$BM$3:$BM$96,'Piping Material List'!$DI$3:$DI$96,'Piping Material List'!EJ$3:EJ$96)+SUMPRODUCT('Piping Material List'!$AF$3:$AF$96,'Piping Material List'!$CO$3:$CO$96,'Piping Material List'!$DI$3:$DI$96,'Piping Material List'!EJ$3:EJ$96))*IF($C43="d-inches",16,1)*IF($C43="Ø-inches",VLOOKUP(16,'Thickness Tab'!$1:$1048576,17,0),1) -> 0 | G43: =(SUMPRODUCT('Piping Material List'!$AE$3:$AE$96,'Piping Material List'!$BM$3:$BM$96,'Piping Material List'!$DI$3:$DI$96,'Piping Material List'!EK$3:EK$96)+SUMPRODUCT('Piping Material List'!$AF$3:$AF$96,'Piping Material List'!$CO$3:$CO$96,'Piping Material List'!$DI$3:$DI$96,'Piping Material List'!EK$3:EK$96))*IF($C43="d-inches",16,1)*IF($C43="Ø-inches",VLOOKUP(16,'Thickness Tab'!$1:$1048576,17,0),1) -> 0 | H43: =(SUMPRODUCT('Piping Material List'!$AE$3:$AE$96,'Piping Material List'!$BM$3:$BM$96,'Piping Material List'!$DI$3:$DI$96,'Piping Material List'!EL$3:EL$96)+SUMPRODUCT('Piping Material List'!$AF$3:$AF$96,'Piping Material List'!$CO$3:$CO$96,'Piping Material List'!$DI$3:$DI$96,'Piping Material List'!EL$3:EL$96))*IF($C43="d-inches",16,1)*IF($C43="Ø-inches",VLOOKUP(16,'Thickness Tab'!$1:$1048576,17,0),1) -> 0 | I43: =(SUMPRODUCT('Piping Material List'!$AE$3:$AE$96,'Piping Material List'!$BM$3:$BM$96,'Piping Material List'!$DI$3:$DI$96,'Piping Material List'!EM$3:EM$96)+SUMPRODUCT('Piping Material List'!$AF$3:$AF$96,'Piping Material List'!$CO$3:$CO$96,'Piping Material List'!$DI$3:$DI$96,'Piping Material List'!EM$3:EM$96))*IF($C43="d-inches",16,1)*IF($C43="Ø-inches",VLOOKUP(16,'Thickness Tab'!$1:$1048576,17,0),1) -> 0 | J43: =(SUMPRODUCT('Piping Material List'!$AE$3:$AE$96,'Piping Material List'!$BM$3:$BM$96,'Piping Material List'!$DI$3:$DI$96,'Piping Material List'!EN$3:EN$96)+SUMPRODUCT('Piping Material List'!$AF$3:$AF$96,'Piping Material List'!$CO$3:$CO$96,'Piping Material List'!$DI$3:$DI$96,'Piping Material List'!EN$3:EN$96))*IF($C43="d-inches",16,1)*IF($C43="Ø-inches",VLOOKUP(16,'Thickness Tab'!$1:$1048576,17,0),1) -> 0 | K43: 15 | L43: =SUMPRODUCT(D43:J43,$D$29:$J$29)*K43 -> 0
A44: 2.1.1.15 | B44: Diameter 18 inches BW | C44: d-inches | D44: =(SUMPRODUCT('Piping Material List'!$AE$3:$AE$96,'Piping Material List'!$BN$3:$BN$96,'Piping Material List'!$DI$3:$DI$96,'Piping Material List'!EH$3:EH$96)+SUMPRODUCT('Piping Material List'!$AF$3:$AF$96,'Piping Material List'!$CP$3:$CP$96,'Piping Material List'!$DI$3:$DI$96,'Piping Material List'!EH$3:EH$96))*IF($C44="d-inches",18,1)*IF($C44="Ø-inches",VLOOKUP(18,'Thickness Tab'!$1:$1048576,17,0),1) -> 0 | E44: =(SUMPRODUCT('Piping Material List'!$AE$3:$AE$96,'Piping Material List'!$BN$3:$BN$96,'Piping Material List'!$DI$3:$DI$96,'Piping Material List'!EI$3:EI$96)+SUMPRODUCT('Piping Material List'!$AF$3:$AF$96,'Piping Material List'!$CP$3:$CP$96,'Piping Material List'!$DI$3:$DI$96,'Piping Material List'!EI$3:EI$96))*IF($C44="d-inches",18,1)*IF($C44="Ø-inches",VLOOKUP(18,'Thickness Tab'!$1:$1048576,17,0),1) -> 0 | F44: =(SUMPRODUCT('Piping Material List'!$AE$3:$AE$96,'Piping Material List'!$BN$3:$BN$96,'Piping Material List'!$DI$3:$DI$96,'Piping Material List'!EJ$3:EJ$96)+SUMPRODUCT('Piping Material List'!$AF$3:$AF$96,'Piping Material List'!$CP$3:$CP$96,'Piping Material List'!$DI$3:$DI$96,'Piping Material List'!EJ$3:EJ$96))*IF($C44="d-inches",18,1)*IF($C44="Ø-inches",VLOOKUP(18,'Thickness Tab'!$1:$1048576,17,0),1) -> 0 | G44: =(SUMPRODUCT('Piping Material List'!$AE$3:$AE$96,'Piping Material List'!$BN$3:$BN$96,'Piping Material List'!$DI$3:$DI$96,'Piping Material List'!EK$3:EK$96)+SUMPRODUCT('Piping Material List'!$AF$3:$AF$96,'Piping Material List'!$CP$3:$CP$96,'Piping Material List'!$DI$3:$DI$96,'Piping Material List'!EK$3:EK$96))*IF($C44="d-inches",18,1)*IF($C44="Ø-inches",VLOOKUP(18,'Thickness Tab'!$1:$1048576,17,0),1) -> 0 | H44: =(SUMPRODUCT('Piping Material List'!$AE$3:$AE$96,'Piping Material List'!$BN$3:$BN$96,'Piping Material List'!$DI$3:$DI$96,'Piping Material List'!EL$3:EL$96)+SUMPRODUCT('Piping Material List'!$AF$3:$AF$96,'Piping Material List'!$CP$3:$CP$96,'Piping Material List'!$DI$3:$DI$96,'Piping Material List'!EL$3:EL$96))*IF($C44="d-inches",18,1)*IF($C44="Ø-inches",VLOOKUP(18,'Thickness Tab'!$1:$1048576,17,0),1) -> 0 | I44: =(SUMPRODUCT('Piping Material List'!$AE$3:$AE$96,'Piping Material List'!$BN$3:$BN$96,'Piping Material List'!$DI$3:$DI$96,'Piping Material List'!EM$3:EM$96)+SUMPRODUCT('Piping Material List'!$AF$3:$AF$96,'Piping Material List'!$CP$3:$CP$96,'Piping Material List'!$DI$3:$DI$96,'Piping Material List'!EM$3:EM$96))*IF($C44="d-inches",18,1)*IF($C44="Ø-inches",VLOOKUP(18,'Thickness Tab'!$1:$1048576,17,0),1) -> 0 | J44: =(SUMPRODUCT('Piping Material List'!$AE$3:$AE$96,'Piping Material List'!$BN$3:$BN$96,'Piping Material List'!$DI$3:$DI$96,'Piping Material List'!EN$3:EN$96)+SUMPRODUCT('Piping Material List'!$AF$3:$AF$96,'Piping Material List'!$CP$3:$CP$96,'Piping Material List'!$DI$3:$DI$96,'Piping Material List'!EN$3:EN$96))*IF($C44="d-inches",18,1)*IF($C44="Ø-inches",VLOOKUP(18,'Thickness Tab'!$1:$1048576,17,0),1) -> 0 | K44: 15 | L44: =SUMPRODUCT(D44:J44,$D$29:$J$29)*K44 -> 0
A45: 2.1.1.16 | B45: Diameter 20 inches BW | C45: d-inches | D45: =(SUMPRODUCT('Piping Material List'!$AE$3:$AE$96,'Piping Material List'!$BO$3:$BO$96,'Piping Material List'!$DI$3:$DI$96,'Piping Material List'!EH$3:EH$96)+SUMPRODUCT('Piping Material List'!$AF$3:$AF$96,'Piping Material List'!$CE$3:$CE$96,'Piping Material List'!$DI$3:$DI$96,'Piping Material List'!EH$3:EH$96))*IF($C45="d-inches",20,1)*IF($C45="Ø-inches",VLOOKUP(20,'Thickness Tab'!$1:$1048576,17,0),1) -> 0 | E45: =(SUMPRODUCT('Piping Material List'!$AE$3:$AE$96,'Piping Material List'!$BO$3:$BO$96,'Piping Material List'!$DI$3:$DI$96,'Piping Material List'!EI$3:EI$96)+SUMPRODUCT('Piping Material List'!$AF$3:$AF$96,'Piping Material List'!$CE$3:$CE$96,'Piping Material List'!$DI$3:$DI$96,'Piping Material List'!EI$3:EI$96))*IF($C45="d-inches",20,1)*IF($C45="Ø-inches",VLOOKUP(20,'Thickness Tab'!$1:$1048576,17,0),1) -> 0 | F45: =(SUMPRODUCT('Piping Material List'!$AE$3:$AE$96,'Piping Material List'!$BO$3:$BO$96,'Piping Material List'!$DI$3:$DI$96,'Piping Material List'!EJ$3:EJ$96)+SUMPRODUCT('Piping Material List'!$AF$3:$AF$96,'Piping Material List'!$CE$3:$CE$96,'Piping Material List'!$DI$3:$DI$96,'Piping Material List'!EJ$3:EJ$96))*IF($C45="d-inches",20,1)*IF($C45="Ø-inches",VLOOKUP(20,'Thickness Tab'!$1:$1048576,17,0),1) -> 0 | G45: =(SUMPRODUCT('Piping Material List'!$AE$3:$AE$96,'Piping Material List'!$BO$3:$BO$96,'Piping Material List'!$DI$3:$DI$96,'Piping Material List'!EK$3:EK$96)+SUMPRODUCT('Piping Material List'!$AF$3:$AF$96,'Piping Material List'!$CE$3:$CE$96,'Piping Material List'!$DI$3:$DI$96,'Piping Material List'!EK$3:EK$96))*IF($C45="d-inches",20,1)*IF($C45="Ø-inches",VLOOKUP(20,'Thickness Tab'!$1:$1048576,17,0),1) -> 0 | H45: =(SUMPRODUCT('Piping Material List'!$AE$3:$AE$96,'Piping Material List'!$BO$3:$BO$96,'Piping Material List'!$DI$3:$DI$96,'Piping Material List'!EL$3:EL$96)+SUMPRODUCT('Piping Material List'!$AF$3:$AF$96,'Piping Material List'!$CE$3:$CE$96,'Piping Material List'!$DI$3:$DI$96,'Piping Material List'!EL$3:EL$96))*IF($C45="d-inches",20,1)*IF($C45="Ø-inches",VLOOKUP(20,'Thickness Tab'!$1:$1048576,17,0),1) -> 0 | I45: =(SUMPRODUCT('Piping Material List'!$AE$3:$AE$96,'Piping Material List'!$BO$3:$BO$96,'Piping Material List'!$DI$3:$DI$96,'Piping Material List'!EM$3:EM$96)+SUMPRODUCT('Piping Material List'!$AF$3:$AF$96,'Piping Material List'!$CE$3:$CE$96,'Piping Material List'!$DI$3:$DI$96,'Piping Material List'!EM$3:EM$96))*IF($C45="d-inches",20,1)*IF($C45="Ø-inches",VLOOKUP(20,'Thickness Tab'!$1:$1048576,17,0),1) -> 0 | J45: =(SUMPRODUCT('Piping Material List'!$AE$3:$AE$96,'Piping Material List'!$BO$3:$BO$96,'Piping Material List'!$DI$3:$DI$96,'Piping Material List'!EN$3:EN$96)+SUMPRODUCT('Piping Material List'!$AF$3:$AF$96,'Piping Material List'!$CE$3:$CE$96,'Piping Material List'!$DI$3:$DI$96,'Piping Material List'!EN$3:EN$96))*IF($C45="d-inches",20,1)*IF($C45="Ø-inches",VLOOKUP(20,'Thickness Tab'!$1:$1048576,17,0),1) -> 0 | K45: 15 | L45: =SUMPRODUCT(D45:J45,$D$29:$J$29)*K45 -> 0
A46: 2.1.1.17 | B46: Diameter 22 inches BW | C46: d-inches | D46: =(SUMPRODUCT('Piping Material List'!$AE$3:$AE$96,'Piping Material List'!$BP$3:$BP$96,'Piping Material List'!$DI$3:$DI$96,'Piping Material List'!EH$3:EH$96)+SUMPRODUCT('Piping Material List'!$AF$3:$AF$96,'Piping Material List'!$CR$3:$CR$96,'Piping Material List'!$DI$3:$DI$96,'Piping Material List'!EH$3:EH$96))*IF($C46="d-inches",22,1)*IF($C46="Ø-inches",VLOOKUP(22,'Thickness Tab'!$1:$1048576,17,0),1) -> 0 | E46: =(SUMPRODUCT('Piping Material List'!$AE$3:$AE$96,'Piping Material List'!$BP$3:$BP$96,'Piping Material List'!$DI$3:$DI$96,'Piping Material List'!EI$3:EI$96)+SUMPRODUCT('Piping Material List'!$AF$3:$AF$96,'Piping Material List'!$CR$3:$CR$96,'Piping Material List'!$DI$3:$DI$96,'Piping Material List'!EI$3:EI$96))*IF($C46="d-inches",22,1)*IF($C46="Ø-inches",VLOOKUP(22,'Thickness Tab'!$1:$1048576,17,0),1) -> 0 | F46: =(SUMPRODUCT('Piping Material List'!$AE$3:$AE$96,'Piping Material List'!$BP$3:$BP$96,'Piping Material List'!$DI$3:$DI$96,'Piping Material List'!EJ$3:EJ$96)+SUMPRODUCT('Piping Material List'!$AF$3:$AF$96,'Piping Material List'!$CR$3:$CR$96,'Piping Material List'!$DI$3:$DI$96,'Piping Material List'!EJ$3:EJ$96))*IF($C46="d-inches",22,1)*IF($C46="Ø-inches",VLOOKUP(22,'Thickness Tab'!$1:$1048576,17,0),1) -> 0 | G46: =(SUMPRODUCT('Piping Material List'!$AE$3:$AE$96,'Piping Material List'!$BP$3:$BP$96,'Piping Material List'!$DI$3:$DI$96,'Piping Material List'!EK$3:EK$96)+SUMPRODUCT('Piping Material List'!$AF$3:$AF$96,'Piping Material List'!$CR$3:$CR$96,'Piping Material List'!$DI$3:$DI$96,'Piping Material List'!EK$3:EK$96))*IF($C46="d-inches",22,1)*IF($C46="Ø-inches",VLOOKUP(22,'Thickness Tab'!$1:$1048576,17,0),1) -> 0 | H46: =(SUMPRODUCT('Piping Material List'!$AE$3:$AE$96,'Piping Material List'!$BP$3:$BP$96,'Piping Material List'!$DI$3:$DI$96,'Piping Material List'!EL$3:EL$96)+SUMPRODUCT('Piping Material List'!$AF$3:$AF$96,'Piping Material List'!$CR$3:$CR$96,'Piping Material List'!$DI$3:$DI$96,'Piping Material List'!EL$3:EL$96))*IF($C46="d-inches",22,1)*IF($C46="Ø-inches",VLOOKUP(22,'Thickness Tab'!$1:$1048576,17,0),1) -> 0 | I46: =(SUMPRODUCT('Piping Material List'!$AE$3:$AE$96,'Piping Material List'!$BP$3:$BP$96,'Piping Material List'!$DI$3:$DI$96,'Piping Material List'!EM$3:EM$96)+SUMPRODUCT('Piping Material List'!$AF$3:$AF$96,'Piping Material List'!$CR$3:$CR$96,'Piping Material List'!$DI$3:$DI$96,'Piping Material List'!EM$3:EM$96))*IF($C46="d-inches",22,1)*IF($C46="Ø-inches",VLOOKUP(22,'Thickness Tab'!$1:$1048576,17,0),1) -> 0 | J46: =(SUMPRODUCT('Piping Material List'!$AE$3:$AE$96,'Piping Material List'!$BP$3:$BP$96,'Piping Material List'!$DI$3:$DI$96,'Piping Material List'!EN$3:EN$96)+SUMPRODUCT('Piping Material List'!$AF$3:$AF$96,'Piping Material List'!$CR$3:$CR$96,'Piping Material List'!$DI$3:$DI$96,'Piping Material List'!EN$3:EN$96))*IF($C46="d-inches",22,1)*IF($C46="Ø-inches",VLOOKUP(22,'Thickness Tab'!$1:$1048576,17,0),1) -> 0 | K46: 15 | L46: =SUMPRODUCT(D46:J46,$D$29:$J$29)*K46 -> 0
A47: 2.1.1.18 | B47: Diameter 24 inches BW | C47: d-inches | D47: =(SUMPRODUCT('Piping Material List'!$AE$3:$AE$96,'Piping Material List'!$BQ$3:$BQ$96,'Piping Material List'!$DI$3:$DI$96,'Piping Material List'!EH$3:EH$96)+SUMPRODUCT('Piping Material List'!$AF$3:$AF$96,'Piping Material List'!$CS$3:$CS$96,'Piping Material List'!$DI$3:$DI$96,'Piping Material List'!EH$3:EH$96))*IF($C47="d-inches",24,1)*IF($C47="Ø-inches",VLOOKUP(24,'Thickness Tab'!$1:$1048576,17,0),1) -> 0 | E47: =(SUMPRODUCT('Piping Material List'!$AE$3:$AE$96,'Piping Material List'!$BQ$3:$BQ$96,'Piping Material List'!$DI$3:$DI$96,'Piping Material List'!EI$3:EI$96)+SUMPRODUCT('Piping Material List'!$AF$3:$AF$96,'Piping Material List'!$CS$3:$CS$96,'Piping Material List'!$DI$3:$DI$96,'Piping Material List'!EI$3:EI$96))*IF($C47="d-inches",24,1)*IF($C47="Ø-inches",VLOOKUP(24,'Thickness Tab'!$1:$1048576,17,0),1) -> 0 | F47: =(SUMPRODUCT('Piping Material List'!$AE$3:$AE$96,'Piping Material List'!$BQ$3:$BQ$96,'Piping Material List'!$DI$3:$DI$96,'Piping Material List'!EJ$3:EJ$96)+SUMPRODUCT('Piping Material List'!$AF$3:$AF$96,'Piping Material List'!$CS$3:$CS$96,'Piping Material List'!$DI$3:$DI$96,'Piping Material List'!EJ$3:EJ$96))*IF($C47="d-inches",24,1)*IF($C47="Ø-inches",VLOOKUP(24,'Thickness Tab'!$1:$1048576,17,0),1) -> 0 | G47: =(SUMPRODUCT('Piping Material List'!$AE$3:$AE$96,'Piping Material List'!$BQ$3:$BQ$96,'Piping Material List'!$DI$3:$DI$96,'Piping Material List'!EK$3:EK$96)+SUMPRODUCT('Piping Material List'!$AF$3:$AF$96,'Piping Material List'!$CS$3:$CS$96,'Piping Material List'!$DI$3:$DI$96,'Piping Material List'!EK$3:EK$96))*IF($C47="d-inches",24,1)*IF($C47="Ø-inches",VLOOKUP(24,'Thickness Tab'!$1:$1048576,17,0),1) -> 0 | H47: =(SUMPRODUCT('Piping Material List'!$AE$3:$AE$96,'Piping Material List'!$BQ$3:$BQ$96,'Piping Material List'!$DI$3:$DI$96,'Piping Material List'!EL$3:EL$96)+SUMPRODUCT('Piping Material List'!$AF$3:$AF$96,'Piping Material List'!$CS$3:$CS$96,'Piping Material List'!$DI$3:$DI$96,'Piping Material List'!EL$3:EL$96))*IF($C47="d-inches",24,1)*IF($C47="Ø-inches",VLOOKUP(24,'Thickness Tab'!$1:$1048576,17,0),1) -> 0 | I47: =(SUMPRODUCT('Piping Material List'!$AE$3:$AE$96,'Piping Material List'!$BQ$3:$BQ$96,'Piping Material List'!$DI$3:$DI$96,'Piping Material List'!EM$3:EM$96)+SUMPRODUCT('Piping Material List'!$AF$3:$AF$96,'Piping Material List'!$CS$3:$CS$96,'Piping Material List'!$DI$3:$DI$96,'Piping Material List'!EM$3:EM$96))*IF($C47="d-inches",24,1)*IF($C47="Ø-inches",VLOOKUP(24,'Thickness Tab'!$1:$1048576,17,0),1) -> 0 | J47: =(SUMPRODUCT('Piping Material List'!$AE$3:$AE$96,'Piping Material List'!$BQ$3:$BQ$96,'Piping Material List'!$DI$3:$DI$96,'Piping Material List'!EN$3:EN$96)+SUMPRODUCT('Piping Material List'!$AF$3:$AF$96,'Piping Material List'!$CS$3:$CS$96,'Piping Material List'!$DI$3:$DI$96,'Piping Material List'!EN$3:EN$96))*IF($C47="d-inches",24,1)*IF($C47="Ø-inches",VLOOKUP(24,'Thickness Tab'!$1:$1048576,17,0),1) -> 0 | K47: 15 | L47: =SUMPRODUCT(D47:J47,$D$29:$J$29)*K47 -> 0
A48: 2.1.1.19 | B48: Diameter 26 inches BW | C48: d-inches | D48: =(SUMPRODUCT('Piping Material List'!$AE$3:$AE$96,'Piping Material List'!$BR$3:$BR$96,'Piping Material List'!$DI$3:$DI$96,'Piping Material List'!EH$3:EH$96)+SUMPRODUCT('Piping Material List'!$AF$3:$AF$96,'Piping Material List'!$CT$3:$CT$96,'Piping Material List'!$DI$3:$DI$96,'Piping Material List'!EH$3:EH$96))*IF($C48="d-inches",24,1)*IF($C48="Ø-inches",VLOOKUP(24,'Thickness Tab'!$1:$1048576,17,0),1) -> 0 | E48: =(SUMPRODUCT('Piping Material List'!$AE$3:$AE$96,'Piping Material List'!$BR$3:$BR$96,'Piping Material List'!$DI$3:$DI$96,'Piping Material List'!EI$3:EI$96)+SUMPRODUCT('Piping Material List'!$AF$3:$AF$96,'Piping Material List'!$CT$3:$CT$96,'Piping Material List'!$DI$3:$DI$96,'Piping Material List'!EI$3:EI$96))*IF($C48="d-inches",24,1)*IF($C48="Ø-inches",VLOOKUP(24,'Thickness Tab'!$1:$1048576,17,0),1) -> 0 | F48: =(SUMPRODUCT('Piping Material List'!$AE$3:$AE$96,'Piping Material List'!$BR$3:$BR$96,'Piping Material List'!$DI$3:$DI$96,'Piping Material List'!EJ$3:EJ$96)+SUMPRODUCT('Piping Material List'!$AF$3:$AF$96,'Piping Material List'!$CT$3:$CT$96,'Piping Material List'!$DI$3:$DI$96,'Piping Material List'!EJ$3:EJ$96))*IF($C48="d-inches",24,1)*IF($C48="Ø-inches",VLOOKUP(24,'Thickness Tab'!$1:$1048576,17,0),1) -> 0 | G48: =(SUMPRODUCT('Piping Material List'!$AE$3:$AE$96,'Piping Material List'!$BR$3:$BR$96,'Piping Material List'!$DI$3:$DI$96,'Piping Material List'!EK$3:EK$96)+SUMPRODUCT('Piping Material List'!$AF$3:$AF$96,'Piping Material List'!$CT$3:$CT$96,'Piping Material List'!$DI$3:$DI$96,'Piping Material List'!EK$3:EK$96))*IF($C48="d-inches",24,1)*IF($C48="Ø-inches",VLOOKUP(24,'Thickness Tab'!$1:$1048576,17,0),1) -> 0 | H48: =(SUMPRODUCT('Piping Material List'!$AE$3:$AE$96,'Piping Material List'!$BR$3:$BR$96,'Piping Material List'!$DI$3:$DI$96,'Piping Material List'!EL$3:EL$96)+SUMPRODUCT('Piping Material List'!$AF$3:$AF$96,'Piping Material List'!$CT$3:$CT$96,'Piping Material List'!$DI$3:$DI$96,'Piping Material List'!EL$3:EL$96))*IF($C48="d-inches",24,1)*IF($C48="Ø-inches",VLOOKUP(24,'Thickness Tab'!$1:$1048576,17,0),1) -> 0 | I48: =(SUMPRODUCT('Piping Material List'!$AE$3:$AE$96,'Piping Material List'!$BR$3:$BR$96,'Piping Material List'!$DI$3:$DI$96,'Piping Material List'!EM$3:EM$96)+SUMPRODUCT('Piping Material List'!$AF$3:$AF$96,'Piping Material List'!$CT$3:$CT$96,'Piping Material List'!$DI$3:$DI$96,'Piping Material List'!EM$3:EM$96))*IF($C48="d-inches",24,1)*IF($C48="Ø-inches",VLOOKUP(24,'Thickness Tab'!$1:$1048576,17,0),1) -> 0 | J48: =(SUMPRODUCT('Piping Material List'!$AE$3:$AE$96,'Piping Material List'!$BR$3:$BR$96,'Piping Material List'!$DI$3:$DI$96,'Piping Material List'!EN$3:EN$96)+SUMPRODUCT('Piping Material List'!$AF$3:$AF$96,'Piping Material List'!$CT$3:$CT$96,'Piping Material List'!$DI$3:$DI$96,'Piping Material List'!EN$3:EN$96))*IF($C48="d-inches",24,1)*IF($C48="Ø-inches",VLOOKUP(24,'Thickness Tab'!$1:$1048576,17,0),1) -> 0 | K48: 15
A49: 2.1.1.20 | B49: Diameter 28 inches BW | C49: d-inches | D49: =(SUMPRODUCT('Piping Material List'!$AE$3:$AE$96,'Piping Material List'!$BS$3:$BS$96,'Piping Material List'!$DI$3:$DI$96,'Piping Material List'!EH$3:EH$96)+SUMPRODUCT('Piping Material List'!$AF$3:$AF$96,'Piping Material List'!$CU$3:$CU$96,'Piping Material List'!$DI$3:$DI$96,'Piping Material List'!EH$3:EH$96))*IF($C49="d-inches",24,1)*IF($C49="Ø-inches",VLOOKUP(24,'Thickness Tab'!$1:$1048576,17,0),1) -> 0 | E49: =(SUMPRODUCT('Piping Material List'!$AE$3:$AE$96,'Piping Material List'!$BS$3:$BS$96,'Piping Material List'!$DI$3:$DI$96,'Piping Material List'!EI$3:EI$96)+SUMPRODUCT('Piping Material List'!$AF$3:$AF$96,'Piping Material List'!$CU$3:$CU$96,'Piping Material List'!$DI$3:$DI$96,'Piping Material List'!EI$3:EI$96))*IF($C49="d-inches",24,1)*IF($C49="Ø-inches",VLOOKUP(24,'Thickness Tab'!$1:$1048576,17,0),1) -> 0 | F49: =(SUMPRODUCT('Piping Material List'!$AE$3:$AE$96,'Piping Material List'!$BS$3:$BS$96,'Piping Material List'!$DI$3:$DI$96,'Piping Material List'!EJ$3:EJ$96)+SUMPRODUCT('Piping Material List'!$AF$3:$AF$96,'Piping Material List'!$CU$3:$CU$96,'Piping Material List'!$DI$3:$DI$96,'Piping Material List'!EJ$3:EJ$96))*IF($C49="d-inches",24,1)*IF($C49="Ø-inches",VLOOKUP(24,'Thickness Tab'!$1:$1048576,17,0),1) -> 0 | G49: =(SUMPRODUCT('Piping Material List'!$AE$3:$AE$96,'Piping Material List'!$BS$3:$BS$96,'Piping Material List'!$DI$3:$DI$96,'Piping Material List'!EK$3:EK$96)+SUMPRODUCT('Piping Material List'!$AF$3:$AF$96,'Piping Material List'!$CU$3:$CU$96,'Piping Material List'!$DI$3:$DI$96,'Piping Material List'!EK$3:EK$96))*IF($C49="d-inches",24,1)*IF($C49="Ø-inches",VLOOKUP(24,'Thickness Tab'!$1:$1048576,17,0),1) -> 0 | H49: =(SUMPRODUCT('Piping Material List'!$AE$3:$AE$96,'Piping Material List'!$BS$3:$BS$96,'Piping Material List'!$DI$3:$DI$96,'Piping Material List'!EL$3:EL$96)+SUMPRODUCT('Piping Material List'!$AF$3:$AF$96,'Piping Material List'!$CU$3:$CU$96,'Piping Material List'!$DI$3:$DI$96,'Piping Material List'!EL$3:EL$96))*IF($C49="d-inches",24,1)*IF($C49="Ø-inches",VLOOKUP(24,'Thickness Tab'!$1:$1048576,17,0),1) -> 0 | I49: =(SUMPRODUCT('Piping Material List'!$AE$3:$AE$96,'Piping Material List'!$BS$3:$BS$96,'Piping Material List'!$DI$3:$DI$96,'Piping Material List'!EM$3:EM$96)+SUMPRODUCT('Piping Material List'!$AF$3:$AF$96,'Piping Material List'!$CU$3:$CU$96,'Piping Material List'!$DI$3:$DI$96,'Piping Material List'!EM$3:EM$96))*IF($C49="d-inches",24,1)*IF($C49="Ø-inches",VLOOKUP(24,'Thickness Tab'!$1:$1048576,17,0),1) -> 0 | J49: =(SUMPRODUCT('Piping Material List'!$AE$3:$AE$96,'Piping Material List'!$BS$3:$BS$96,'Piping Material List'!$DI$3:$DI$96,'Piping Material List'!EN$3:EN$96)+SUMPRODUCT('Piping Material List'!$AF$3:$AF$96,'Piping Material List'!$CU$3:$CU$96,'Piping Material List'!$DI$3:$DI$96,'Piping Material List'!EN$3:EN$96))*IF($C49="d-inches",24,1)*IF($C49="Ø-inches",VLOOKUP(24,'Thickness Tab'!$1:$1048576,17,0),1) -> 0 | K49: 15 | L49: =SUMPRODUCT(D49:J49,$D$29:$J$29)*K49 -> 0
A50: 2.1.1.21 | B50: Diameter 30 inches BW | C50: d-inches | D50: =(SUMPRODUCT('Piping Material List'!$AE$3:$AE$96,'Piping Material List'!$BT$3:$BT$96,'Piping Material List'!$DI$3:$DI$96,'Piping Material List'!EH$3:EH$96)+SUMPRODUCT('Piping Material List'!$AF$3:$AF$96,'Piping Material List'!$CS$3:$CS$96,'Piping Material List'!$DI$3:$DI$96,'Piping Material List'!EH$3:EH$96))*IF($C50="d-inches",24,1)*IF($C50="Ø-inches",VLOOKUP(24,'Thickness Tab'!$1:$1048576,17,0),1) -> 0 | E50: =(SUMPRODUCT('Piping Material List'!$AE$3:$AE$96,'Piping Material List'!$BT$3:$BT$96,'Piping Material List'!$DI$3:$DI$96,'Piping Material List'!EI$3:EI$96)+SUMPRODUCT('Piping Material List'!$AF$3:$AF$96,'Piping Material List'!$CS$3:$CS$96,'Piping Material List'!$DI$3:$DI$96,'Piping Material List'!EI$3:EI$96))*IF($C50="d-inches",24,1)*IF($C50="Ø-inches",VLOOKUP(24,'Thickness Tab'!$1:$1048576,17,0),1) -> 0 | F50: =(SUMPRODUCT('Piping Material List'!$AE$3:$AE$96,'Piping Material List'!$BT$3:$BT$96,'Piping Material List'!$DI$3:$DI$96,'Piping Material List'!EJ$3:EJ$96)+SUMPRODUCT('Piping Material List'!$AF$3:$AF$96,'Piping Material List'!$CS$3:$CS$96,'Piping Material List'!$DI$3:$DI$96,'Piping Material List'!EJ$3:EJ$96))*IF($C50="d-inches",24,1)*IF($C50="Ø-inches",VLOOKUP(24,'Thickness Tab'!$1:$1048576,17,0),1) -> 0 | G50: =(SUMPRODUCT('Piping Material List'!$AE$3:$AE$96,'Piping Material List'!$BT$3:$BT$96,'Piping Material List'!$DI$3:$DI$96,'Piping Material List'!EK$3:EK$96)+SUMPRODUCT('Piping Material List'!$AF$3:$AF$96,'Piping Material List'!$CS$3:$CS$96,'Piping Material List'!$DI$3:$DI$96,'Piping Material List'!EK$3:EK$96))*IF($C50="d-inches",24,1)*IF($C50="Ø-inches",VLOOKUP(24,'Thickness Tab'!$1:$1048576,17,0),1) -> 0 | H50: =(SUMPRODUCT('Piping Material List'!$AE$3:$AE$96,'Piping Material List'!$BT$3:$BT$96,'Piping Material List'!$DI$3:$DI$96,'Piping Material List'!EL$3:EL$96)+SUMPRODUCT('Piping Material List'!$AF$3:$AF$96,'Piping Material List'!$CS$3:$CS$96,'Piping Material List'!$DI$3:$DI$96,'Piping Material List'!EL$3:EL$96))*IF($C50="d-inches",24,1)*IF($C50="Ø-inches",VLOOKUP(24,'Thickness Tab'!$1:$1048576,17,0),1) -> 0 | I50: =(SUMPRODUCT('Piping Material List'!$AE$3:$AE$96,'Piping Material List'!$BT$3:$BT$96,'Piping Material List'!$DI$3:$DI$96,'Piping Material List'!EM$3:EM$96)+SUMPRODUCT('Piping Material List'!$AF$3:$AF$96,'Piping Material List'!$CS$3:$CS$96,'Piping Material List'!$DI$3:$DI$96,'Piping Material List'!EM$3:EM$96))*IF($C50="d-inches",24,1)*IF($C50="Ø-inches",VLOOKUP(24,'Thickness Tab'!$1:$1048576,17,0),1) -> 0 | J50: =(SUMPRODUCT('Piping Material List'!$AE$3:$AE$96,'Piping Material List'!$BT$3:$BT$96,'Piping Material List'!$DI$3:$DI$96,'Piping Material List'!EN$3:EN$96)+SUMPRODUCT('Piping Material List'!$AF$3:$AF$96,'Piping Material List'!$CS$3:$CS$96,'Piping Material List'!$DI$3:$DI$96,'Piping Material List'!EN$3:EN$96))*IF($C50="d-inches",24,1)*IF($C50="Ø-inches",VLOOKUP(24,'Thickness Tab'!$1:$1048576,17,0),1) -> 0 | K50: 15 | L50: =SUMPRODUCT(D50:J50,$D$29:$J$29)*K50 -> 0
A51: 2.1.1.22 | B51: Diameter 32 inches BW | C51: d-inches | D51: =(SUMPRODUCT('Piping Material List'!$AE$3:$AE$96,'Piping Material List'!$BU$3:$BU$96,'Piping Material List'!$DI$3:$DI$96,'Piping Material List'!EH$3:EH$96)+SUMPRODUCT('Piping Material List'!$AF$3:$AF$96,'Piping Material List'!$CS$3:$CS$96,'Piping Material List'!$DI$3:$DI$96,'Piping Material List'!EH$3:EH$96))*IF($C51="d-inches",24,1)*IF($C51="Ø-inches",VLOOKUP(24,'Thickness Tab'!$1:$1048576,17,0),1) -> 0 | E51: =(SUMPRODUCT('Piping Material List'!$AE$3:$AE$96,'Piping Material List'!$BU$3:$BU$96,'Piping Material List'!$DI$3:$DI$96,'Piping Material List'!EI$3:EI$96)+SUMPRODUCT('Piping Material List'!$AF$3:$AF$96,'Piping Material List'!$CS$3:$CS$96,'Piping Material List'!$DI$3:$DI$96,'Piping Material List'!EI$3:EI$96))*IF($C51="d-inches",24,1)*IF($C51="Ø-inches",VLOOKUP(24,'Thickness Tab'!$1:$1048576,17,0),1) -> 0 | F51: =(SUMPRODUCT('Piping Material List'!$AE$3:$AE$96,'Piping Material List'!$BU$3:$BU$96,'Piping Material List'!$DI$3:$DI$96,'Piping Material List'!EJ$3:EJ$96)+SUMPRODUCT('Piping Material List'!$AF$3:$AF$96,'Piping Material List'!$CS$3:$CS$96,'Piping Material List'!$DI$3:$DI$96,'Piping Material List'!EJ$3:EJ$96))*IF($C51="d-inches",24,1)*IF($C51="Ø-inches",VLOOKUP(24,'Thickness Tab'!$1:$1048576,17,0),1) -> 0 | G51: =(SUMPRODUCT('Piping Material List'!$AE$3:$AE$96,'Piping Material List'!$BU$3:$BU$96,'Piping Material List'!$DI$3:$DI$96,'Piping Material List'!EK$3:EK$96)+SUMPRODUCT('Piping Material List'!$AF$3:$AF$96,'Piping Material List'!$CS$3:$CS$96,'Piping Material List'!$DI$3:$DI$96,'Piping Material List'!EK$3:EK$96))*IF($C51="d-inches",24,1)*IF($C51="Ø-inches",VLOOKUP(24,'Thickness Tab'!$1:$1048576,17,0),1) -> 0 | H51: =(SUMPRODUCT('Piping Material List'!$AE$3:$AE$96,'Piping Material List'!$BU$3:$BU$96,'Piping Material List'!$DI$3:$DI$96,'Piping Material List'!EL$3:EL$96)+SUMPRODUCT('Piping Material List'!$AF$3:$AF$96,'Piping Material List'!$CS$3:$CS$96,'Piping Material List'!$DI$3:$DI$96,'Piping Material List'!EL$3:EL$96))*IF($C51="d-inches",24,1)*IF($C51="Ø-inches",VLOOKUP(24,'Thickness Tab'!$1:$1048576,17,0),1) -> 0 | I51: =(SUMPRODUCT('Piping Material List'!$AE$3:$AE$96,'Piping Material List'!$BU$3:$BU$96,'Piping Material List'!$DI$3:$DI$96,'Piping Material List'!EM$3:EM$96)+SUMPRODUCT('Piping Material List'!$AF$3:$AF$96,'Piping Material List'!$CS$3:$CS$96,'Piping Material List'!$DI$3:$DI$96,'Piping Material List'!EM$3:EM$96))*IF($C51="d-inches",24,1)*IF($C51="Ø-inches",VLOOKUP(24,'Thickness Tab'!$1:$1048576,17,0),1) -> 0 | J51: =(SUMPRODUCT('Piping Material List'!$AE$3:$AE$96,'Piping Material List'!$BU$3:$BU$96,'Piping Material List'!$DI$3:$DI$96,'Piping Material List'!EN$3:EN$96)+SUMPRODUCT('Piping Material List'!$AF$3:$AF$96,'Piping Material List'!$CS$3:$CS$96,'Piping Material List'!$DI$3:$DI$96,'Piping Material List'!EN$3:EN$96))*IF($C51="d-inches",24,1)*IF($C51="Ø-inches",VLOOKUP(24,'Thickness Tab'!$1:$1048576,17,0),1) -> 0 | K51: 15 | L51: =SUMPRODUCT(D51:J51,$D$29:$J$29)*K51 -> 0
A52: 2.1.1.23 | B52: Diameter 34 inches BW | C52: d-inches | D52: =(SUMPRODUCT('Piping Material List'!$AE$3:$AE$96,'Piping Material List'!$BV$3:$BV$96,'Piping Material List'!$DI$3:$DI$96,'Piping Material List'!EH$3:EH$96)+SUMPRODUCT('Piping Material List'!$AF$3:$AF$96,'Piping Material List'!$CS$3:$CS$96,'Piping Material List'!$DI$3:$DI$96,'Piping Material List'!EH$3:EH$96))*IF($C52="d-inches",24,1)*IF($C52="Ø-inches",VLOOKUP(24,'Thickness Tab'!$1:$1048576,17,0),1) -> 0 | E52: =(SUMPRODUCT('Piping Material List'!$AE$3:$AE$96,'Piping Material List'!$BV$3:$BV$96,'Piping Material List'!$DI$3:$DI$96,'Piping Material List'!EI$3:EI$96)+SUMPRODUCT('Piping Material List'!$AF$3:$AF$96,'Piping Material List'!$CS$3:$CS$96,'Piping Material List'!$DI$3:$DI$96,'Piping Material List'!EI$3:EI$96))*IF($C52="d-inches",24,1)*IF($C52="Ø-inches",VLOOKUP(24,'Thickness Tab'!$1:$1048576,17,0),1) -> 0 | F52: =(SUMPRODUCT('Piping Material List'!$AE$3:$AE$96,'Piping Material List'!$BV$3:$BV$96,'Piping Material List'!$DI$3:$DI$96,'Piping Material List'!EJ$3:EJ$96)+SUMPRODUCT('Piping Material List'!$AF$3:$AF$96,'Piping Material List'!$CS$3:$CS$96,'Piping Material List'!$DI$3:$DI$96,'Piping Material List'!EJ$3:EJ$96))*IF($C52="d-inches",24,1)*IF($C52="Ø-inches",VLOOKUP(24,'Thickness Tab'!$1:$1048576,17,0),1) -> 0 | G52: =(SUMPRODUCT('Piping Material List'!$AE$3:$AE$96,'Piping Material List'!$BV$3:$BV$96,'Piping Material List'!$DI$3:$DI$96,'Piping Material List'!EK$3:EK$96)+SUMPRODUCT('Piping Material List'!$AF$3:$AF$96,'Piping Material List'!$CS$3:$CS$96,'Piping Material List'!$DI$3:$DI$96,'Piping Material List'!EK$3:EK$96))*IF($C52="d-inches",24,1)*IF($C52="Ø-inches",VLOOKUP(24,'Thickness Tab'!$1:$1048576,17,0),1) -> 0 | H52: =(SUMPRODUCT('Piping Material List'!$AE$3:$AE$96,'Piping Material List'!$BV$3:$BV$96,'Piping Material List'!$DI$3:$DI$96,'Piping Material List'!EL$3:EL$96)+SUMPRODUCT('Piping Material List'!$AF$3:$AF$96,'Piping Material List'!$CS$3:$CS$96,'Piping Material List'!$DI$3:$DI$96,'Piping Material List'!EL$3:EL$96))*IF($C52="d-inches",24,1)*IF($C52="Ø-inches",VLOOKUP(24,'Thickness Tab'!$1:$1048576,17,0),1) -> 0 | I52: =(SUMPRODUCT('Piping Material List'!$AE$3:$AE$96,'Piping Material List'!$BV$3:$BV$96,'Piping Material List'!$DI$3:$DI$96,'Piping Material List'!EM$3:EM$96)+SUMPRODUCT('Piping Material List'!$AF$3:$AF$96,'Piping Material List'!$CS$3:$CS$96,'Piping Material List'!$DI$3:$DI$96,'Piping Material List'!EM$3:EM$96))*IF($C52="d-inches",24,1)*IF($C52="Ø-inches",VLOOKUP(24,'Thickness Tab'!$1:$1048576,17,0),1) -> 0 | J52: =(SUMPRODUCT('Piping Material List'!$AE$3:$AE$96,'Piping Material List'!$BV$3:$BV$96,'Piping Material List'!$DI$3:$DI$96,'Piping Material List'!EN$3:EN$96)+SUMPRODUCT('Piping Material List'!$AF$3:$AF$96,'Piping Material List'!$CS$3:$CS$96,'Piping Material List'!$DI$3:$DI$96,'Piping Material List'!EN$3:EN$96))*IF($C52="d-inches",24,1)*IF($C52="Ø-inches",VLOOKUP(24,'Thickness Tab'!$1:$1048576,17,0),1) -> 0 | K52: 15 | L52: =SUMPRODUCT(D52:J52,$D$29:$J$29)*K52 -> 0
A53: 2.1.1.24 | B53: Diameter 36 inches BW | C53: d-inches | D53: =(SUMPRODUCT('Piping Material List'!$AE$3:$AE$96,'Piping Material List'!$BW$3:$BW$96,'Piping Material List'!$DI$3:$DI$96,'Piping Material List'!EH$3:EH$96)+SUMPRODUCT('Piping Material List'!$AF$3:$AF$96,'Piping Material List'!$CS$3:$CS$96,'Piping Material List'!$DI$3:$DI$96,'Piping Material List'!EH$3:EH$96))*IF($C53="d-inches",24,1)*IF($C53="Ø-inches",VLOOKUP(24,'Thickness Tab'!$1:$1048576,17,0),1) -> 0 | E53: =(SUMPRODUCT('Piping Material List'!$AE$3:$AE$96,'Piping Material List'!$BW$3:$BW$96,'Piping Material List'!$DI$3:$DI$96,'Piping Material List'!EI$3:EI$96)+SUMPRODUCT('Piping Material List'!$AF$3:$AF$96,'Piping Material List'!$CS$3:$CS$96,'Piping Material List'!$DI$3:$DI$96,'Piping Material List'!EI$3:EI$96))*IF($C53="d-inches",24,1)*IF($C53="Ø-inches",VLOOKUP(24,'Thickness Tab'!$1:$1048576,17,0),1) -> 0 | F53: =(SUMPRODUCT('Piping Material List'!$AE$3:$AE$96,'Piping Material List'!$BW$3:$BW$96,'Piping Material List'!$DI$3:$DI$96,'Piping Material List'!EJ$3:EJ$96)+SUMPRODUCT('Piping Material List'!$AF$3:$AF$96,'Piping Material List'!$CS$3:$CS$96,'Piping Material List'!$DI$3:$DI$96,'Piping Material List'!EJ$3:EJ$96))*IF($C53="d-inches",24,1)*IF($C53="Ø-inches",VLOOKUP(24,'Thickness Tab'!$1:$1048576,17,0),1) -> 0 | G53: =(SUMPRODUCT('Piping Material List'!$AE$3:$AE$96,'Piping Material List'!$BW$3:$BW$96,'Piping Material List'!$DI$3:$DI$96,'Piping Material List'!EK$3:EK$96)+SUMPRODUCT('Piping Material List'!$AF$3:$AF$96,'Piping Material List'!$CS$3:$CS$96,'Piping Material List'!$DI$3:$DI$96,'Piping Material List'!EK$3:EK$96))*IF($C53="d-inches",24,1)*IF($C53="Ø-inches",VLOOKUP(24,'Thickness Tab'!$1:$1048576,17,0),1) -> 0 | H53: =(SUMPRODUCT('Piping Material List'!$AE$3:$AE$96,'Piping Material List'!$BW$3:$BW$96,'Piping Material List'!$DI$3:$DI$96,'Piping Material List'!EL$3:EL$96)+SUMPRODUCT('Piping Material List'!$AF$3:$AF$96,'Piping Material List'!$CS$3:$CS$96,'Piping Material List'!$DI$3:$DI$96,'Piping Material List'!EL$3:EL$96))*IF($C53="d-inches",24,1)*IF($C53="Ø-inches",VLOOKUP(24,'Thickness Tab'!$1:$1048576,17,0),1) -> 0 | I53: =(SUMPRODUCT('Piping Material List'!$AE$3:$AE$96,'Piping Material List'!$BW$3:$BW$96,'Piping Material List'!$DI$3:$DI$96,'Piping Material List'!EM$3:EM$96)+SUMPRODUCT('Piping Material List'!$AF$3:$AF$96,'Piping Material List'!$CS$3:$CS$96,'Piping Material List'!$DI$3:$DI$96,'Piping Material List'!EM$3:EM$96))*IF($C53="d-inches",24,1)*IF($C53="Ø-inches",VLOOKUP(24,'Thickness Tab'!$1:$1048576,17,0),1) -> 0 | J53: =(SUMPRODUCT('Piping Material List'!$AE$3:$AE$96,'Piping Material List'!$BW$3:$BW$96,'Piping Material List'!$DI$3:$DI$96,'Piping Material List'!EN$3:EN$96)+SUMPRODUCT('Piping Material List'!$AF$3:$AF$96,'Piping Material List'!$CS$3:$CS$96,'Piping Material List'!$DI$3:$DI$96,'Piping Material List'!EN$3:EN$96))*IF($C53="d-inches",24,1)*IF($C53="Ø-inches",VLOOKUP(24,'Thickness Tab'!$1:$1048576,17,0),1) -> 0 | K53: 15 | L53: =SUMPRODUCT(D53:J53,$D$29:$J$29)*K53 -> 0
A54: 2.1.1.25 | B54: Diameter 38 inches BW | C54: d-inches | D54: =(SUMPRODUCT('Piping Material List'!$AE$3:$AE$96,'Piping Material List'!$BX$3:$BX$96,'Piping Material List'!$DI$3:$DI$96,'Piping Material List'!EH$3:EH$96)+SUMPRODUCT('Piping Material List'!$AF$3:$AF$96,'Piping Material List'!$CS$3:$CS$96,'Piping Material List'!$DI$3:$DI$96,'Piping Material List'!EH$3:EH$96))*IF($C54="d-inches",24,1)*IF($C54="Ø-inches",VLOOKUP(24,'Thickness Tab'!$1:$1048576,17,0),1) -> 0 | E54: =(SUMPRODUCT('Piping Material List'!$AE$3:$AE$96,'Piping Material List'!$BX$3:$BX$96,'Piping Material List'!$DI$3:$DI$96,'Piping Material List'!EI$3:EI$96)+SUMPRODUCT('Piping Material List'!$AF$3:$AF$96,'Piping Material List'!$CS$3:$CS$96,'Piping Material List'!$DI$3:$DI$96,'Piping Material List'!EI$3:EI$96))*IF($C54="d-inches",24,1)*IF($C54="Ø-inches",VLOOKUP(24,'Thickness Tab'!$1:$1048576,17,0),1) -> 0 | F54: =(SUMPRODUCT('Piping Material List'!$AE$3:$AE$96,'Piping Material List'!$BX$3:$BX$96,'Piping Material List'!$DI$3:$DI$96,'Piping Material List'!EJ$3:EJ$96)+SUMPRODUCT('Piping Material List'!$AF$3:$AF$96,'Piping Material List'!$CS$3:$CS$96,'Piping Material List'!$DI$3:$DI$96,'Piping Material List'!EJ$3:EJ$96))*IF($C54="d-inches",24,1)*IF($C54="Ø-inches",VLOOKUP(24,'Thickness Tab'!$1:$1048576,17,0),1) -> 0 | G54: =(SUMPRODUCT('Piping Material List'!$AE$3:$AE$96,'Piping Material List'!$BX$3:$BX$96,'Piping Material List'!$DI$3:$DI$96,'Piping Material List'!EK$3:EK$96)+SUMPRODUCT('Piping Material List'!$AF$3:$AF$96,'Piping Material List'!$CS$3:$CS$96,'Piping Material List'!$DI$3:$DI$96,'Piping Material List'!EK$3:EK$96))*IF($C54="d-inches",24,1)*IF($C54="Ø-inches",VLOOKUP(24,'Thickness Tab'!$1:$1048576,17,0),1) -> 0 | H54: =(SUMPRODUCT('Piping Material List'!$AE$3:$AE$96,'Piping Material List'!$BX$3:$BX$96,'Piping Material List'!$DI$3:$DI$96,'Piping Material List'!EL$3:EL$96)+SUMPRODUCT('Piping Material List'!$AF$3:$AF$96,'Piping Material List'!$CS$3:$CS$96,'Piping Material List'!$DI$3:$DI$96,'Piping Material List'!EL$3:EL$96))*IF($C54="d-inches",24,1)*IF($C54="Ø-inches",VLOOKUP(24,'Thickness Tab'!$1:$1048576,17,0),1) -> 0 | I54: =(SUMPRODUCT('Piping Material List'!$AE$3:$AE$96,'Piping Material List'!$BX$3:$BX$96,'Piping Material List'!$DI$3:$DI$96,'Piping Material List'!EM$3:EM$96)+SUMPRODUCT('Piping Material List'!$AF$3:$AF$96,'Piping Material List'!$CS$3:$CS$96,'Piping Material List'!$DI$3:$DI$96,'Piping Material List'!EM$3:EM$96))*IF($C54="d-inches",24,1)*IF($C54="Ø-inches",VLOOKUP(24,'Thickness Tab'!$1:$1048576,17,0),1) -> 0 | J54: =(SUMPRODUCT('Piping Material List'!$AE$3:$AE$96,'Piping Material List'!$BX$3:$BX$96,'Piping Material List'!$DI$3:$DI$96,'Piping Material List'!EN$3:EN$96)+SUMPRODUCT('Piping Material List'!$AF$3:$AF$96,'Piping Material List'!$CS$3:$CS$96,'Piping Material List'!$DI$3:$DI$96,'Piping Material List'!EN$3:EN$96))*IF($C54="d-inches",24,1)*IF($C54="Ø-inches",VLOOKUP(24,'Thickness Tab'!$1:$1048576,17,0),1) -> 0 | K54: 15 | L54: =SUMPRODUCT(D54:J54,$D$29:$J$29)*K54 -> 0
A55: 2.1.1.26 | B55: Diameter 40 inches BW | C55: d-inches | D55: =(SUMPRODUCT('Piping Material List'!$AE$3:$AE$96,'Piping Material List'!$BY$3:$BY$96,'Piping Material List'!$DI$3:$DI$96,'Piping Material List'!EH$3:EH$96)+SUMPRODUCT('Piping Material List'!$AF$3:$AF$96,'Piping Material List'!$CS$3:$CS$96,'Piping Material List'!$DI$3:$DI$96,'Piping Material List'!EH$3:EH$96))*IF($C55="d-inches",24,1)*IF($C55="Ø-inches",VLOOKUP(24,'Thickness Tab'!$1:$1048576,17,0),1) -> 0 | E55: =(SUMPRODUCT('Piping Material List'!$AE$3:$AE$96,'Piping Material List'!$BY$3:$BY$96,'Piping Material List'!$DI$3:$DI$96,'Piping Material List'!EI$3:EI$96)+SUMPRODUCT('Piping Material List'!$AF$3:$AF$96,'Piping Material List'!$CS$3:$CS$96,'Piping Material List'!$DI$3:$DI$96,'Piping Material List'!EI$3:EI$96))*IF($C55="d-inches",24,1)*IF($C55="Ø-inches",VLOOKUP(24,'Thickness Tab'!$1:$1048576,17,0),1) -> 0 | F55: =(SUMPRODUCT('Piping Material List'!$AE$3:$AE$96,'Piping Material List'!$BY$3:$BY$96,'Piping Material List'!$DI$3:$DI$96,'Piping Material List'!EJ$3:EJ$96)+SUMPRODUCT('Piping Material List'!$AF$3:$AF$96,'Piping Material List'!$CS$3:$CS$96,'Piping Material List'!$DI$3:$DI$96,'Piping Material List'!EJ$3:EJ$96))*IF($C55="d-inches",24,1)*IF($C55="Ø-inches",VLOOKUP(24,'Thickness Tab'!$1:$1048576,17,0),1) -> 0 | G55: =(SUMPRODUCT('Piping Material List'!$AE$3:$AE$96,'Piping Material List'!$BY$3:$BY$96,'Piping Material List'!$DI$3:$DI$96,'Piping Material List'!EK$3:EK$96)+SUMPRODUCT('Piping Material List'!$AF$3:$AF$96,'Piping Material List'!$CS$3:$CS$96,'Piping Material List'!$DI$3:$DI$96,'Piping Material List'!EK$3:EK$96))*IF($C55="d-inches",24,1)*IF($C55="Ø-inches",VLOOKUP(24,'Thickness Tab'!$1:$1048576,17,0),1) -> 0 | H55: =(SUMPRODUCT('Piping Material List'!$AE$3:$AE$96,'Piping Material List'!$BY$3:$BY$96,'Piping Material List'!$DI$3:$DI$96,'Piping Material List'!EL$3:EL$96)+SUMPRODUCT('Piping Material List'!$AF$3:$AF$96,'Piping Material List'!$CS$3:$CS$96,'Piping Material List'!$DI$3:$DI$96,'Piping Material List'!EL$3:EL$96))*IF($C55="d-inches",24,1)*IF($C55="Ø-inches",VLOOKUP(24,'Thickness Tab'!$1:$1048576,17,0),1) -> 0 | I55: =(SUMPRODUCT('Piping Material List'!$AE$3:$AE$96,'Piping Material List'!$BY$3:$BY$96,'Piping Material List'!$DI$3:$DI$96,'Piping Material List'!EM$3:EM$96)+SUMPRODUCT('Piping Material List'!$AF$3:$AF$96,'Piping Material List'!$CS$3:$CS$96,'Piping Material List'!$DI$3:$DI$96,'Piping Material List'!EM$3:EM$96))*IF($C55="d-inches",24,1)*IF($C55="Ø-inches",VLOOKUP(24,'Thickness Tab'!$1:$1048576,17,0),1) -> 0 | J55: =(SUMPRODUCT('Piping Material List'!$AE$3:$AE$96,'Piping Material List'!$BY$3:$BY$96,'Piping Material List'!$DI$3:$DI$96,'Piping Material List'!EN$3:EN$96)+SUMPRODUCT('Piping Material List'!$AF$3:$AF$96,'Piping Material List'!$CS$3:$CS$96,'Piping Material List'!$DI$3:$DI$96,'Piping Material List'!EN$3:EN$96))*IF($C55="d-inches",24,1)*IF($C55="Ø-inches",VLOOKUP(24,'Thickness Tab'!$1:$1048576,17,0),1) -> 0 | K55: 15 | L55: =SUMPRODUCT(D55:J55,$D$29:$J$29)*K55 -> 0
A56: 2.1.1.27 | B56: Diameter 42 inches BW | C56: d-inches | D56: =(SUMPRODUCT('Piping Material List'!$AE$3:$AE$96,'Piping Material List'!$BZ$3:$BZ$96,'Piping Material List'!$DI$3:$DI$96,'Piping Material List'!EH$3:EH$96)+SUMPRODUCT('Piping Material List'!$AF$3:$AF$96,'Piping Material List'!$DB$3:$DB$96,'Piping Material List'!$DI$3:$DI$96,'Piping Material List'!EH$3:EH$96))*IF($C56="d-inches",22,1)*IF($C56="Ø-inches",VLOOKUP(22,'Thickness Tab'!$1:$1048576,17,0),1) -> 0 | E56: =(SUMPRODUCT('Piping Material List'!$AE$3:$AE$96,'Piping Material List'!$BZ$3:$BZ$96,'Piping Material List'!$DI$3:$DI$96,'Piping Material List'!EI$3:EI$96)+SUMPRODUCT('Piping Material List'!$AF$3:$AF$96,'Piping Material List'!$DB$3:$DB$96,'Piping Material List'!$DI$3:$DI$96,'Piping Material List'!EI$3:EI$96))*IF($C56="d-inches",22,1)*IF($C56="Ø-inches",VLOOKUP(22,'Thickness Tab'!$1:$1048576,17,0),1) -> 0 | F56: =(SUMPRODUCT('Piping Material List'!$AE$3:$AE$96,'Piping Material List'!$BZ$3:$BZ$96,'Piping Material List'!$DI$3:$DI$96,'Piping Material List'!EJ$3:EJ$96)+SUMPRODUCT('Piping Material List'!$AF$3:$AF$96,'Piping Material List'!$DB$3:$DB$96,'Piping Material List'!$DI$3:$DI$96,'Piping Material List'!EJ$3:EJ$96))*IF($C56="d-inches",22,1)*IF($C56="Ø-inches",VLOOKUP(22,'Thickness Tab'!$1:$1048576,17,0),1) -> 0 | G56: =(SUMPRODUCT('Piping Material List'!$AE$3:$AE$96,'Piping Material List'!$BZ$3:$BZ$96,'Piping Material List'!$DI$3:$DI$96,'Piping Material List'!EK$3:EK$96)+SUMPRODUCT('Piping Material List'!$AF$3:$AF$96,'Piping Material List'!$DB$3:$DB$96,'Piping Material List'!$DI$3:$DI$96,'Piping Material List'!EK$3:EK$96))*IF($C56="d-inches",22,1)*IF($C56="Ø-inches",VLOOKUP(22,'Thickness Tab'!$1:$1048576,17,0),1) -> 0 | H56: =(SUMPRODUCT('Piping Material List'!$AE$3:$AE$96,'Piping Material List'!$BZ$3:$BZ$96,'Piping Material List'!$DI$3:$DI$96,'Piping Material List'!EL$3:EL$96)+SUMPRODUCT('Piping Material List'!$AF$3:$AF$96,'Piping Material List'!$DB$3:$DB$96,'Piping Material List'!$DI$3:$DI$96,'Piping Material List'!EL$3:EL$96))*IF($C56="d-inches",22,1)*IF($C56="Ø-inches",VLOOKUP(22,'Thickness Tab'!$1:$1048576,17,0),1) -> 0 | I56: =(SUMPRODUCT('Piping Material List'!$AE$3:$AE$96,'Piping Material List'!$BZ$3:$BZ$96,'Piping Material List'!$DI$3:$DI$96,'Piping Material List'!EM$3:EM$96)+SUMPRODUCT('Piping Material List'!$AF$3:$AF$96,'Piping Material List'!$DB$3:$DB$96,'Piping Material List'!$DI$3:$DI$96,'Piping Material List'!EM$3:EM$96))*IF($C56="d-inches",22,1)*IF($C56="Ø-inches",VLOOKUP(22,'Thickness Tab'!$1:$1048576,17,0),1) -> 0 | J56: =(SUMPRODUCT('Piping Material List'!$AE$3:$AE$96,'Piping Material List'!$BZ$3:$BZ$96,'Piping Material List'!$DI$3:$DI$96,'Piping Material List'!EN$3:EN$96)+SUMPRODUCT('Piping Material List'!$AF$3:$AF$96,'Piping Material List'!$DB$3:$DB$96,'Piping Material List'!$DI$3:$DI$96,'Piping Material List'!EN$3:EN$96))*IF($C56="d-inches",22,1)*IF($C56="Ø-inches",VLOOKUP(22,'Thickness Tab'!$1:$1048576,17,0),1) -> 0 | K56: 15 | L56: =SUMPRODUCT(D56:J56,$D$29:$J$29)*K56 -> 0
A57: 2.1.2 | B57: Stainless Steel Piping | L57: =SUM(L60:L77) -> 27456
C58: SCH | D58: ='Piping Material List'!EH2 -> 5S - 40 | E58: ='Piping Material List'!EI2 -> 60 | F58: ='Piping Material List'!EJ2 -> XS - 80 | G58: ='Piping Material List'!EK2 -> 100 | H58: ='Piping Material List'!EL2 -> 120 | I58: ='Piping Material List'!EM2 -> 140 | J58: ='Piping Material List'!EN2 -> 160 - XXS
C59: k | D59: 1 | E59: 1.2 | F59: 1.3 | G59: 1.4 | H59: 1.5 | I59: 1.7 | J59: 2
